userName,score,at,content
Razor Hyuga,1,2026-04-30 04:27:14,"capek udah daftar udah dpt email verifikasi dan terverifikasi giliran login belum terdaftar, mau heran tapi ini Indonesia"
Dedi Mulyadi,5,2026-04-30 02:52:20,bagus dapat mempermudah pelacakan berkas
Ilyas Ssos,5,2026-04-30 01:42:53,baguss
stefanus hariyanto,5,2026-04-30 01:09:19,sangat membantu
Pecinta Alam,5,2026-04-29 23:52:29,sangat bermanfaat
Bang Ujang,4,2026-04-29 23:22:42,membantu
Aris Sikac,5,2026-04-29 23:13:32,sangat bermanfaat dn memudahkan
Agus wakid romadlon,5,2026-04-29 22:39:59,"Sentuh tanahku, makin mantab, Selamat Sentuh Tananhku makin terdepan"
Amiruddin Amir,5,2026-04-29 21:36:58,puas dengan aplikasi ini sangat memudahkan
Azzam endut,5,2026-04-29 15:56:26,sangat membantu..
A Puad,5,2026-04-29 14:18:03,bagus memudahkan pengecekan pertanahan
m. kasim,5,2026-04-29 13:00:38,mempermudah masyarakat
Ruaida Malewa,5,2026-04-29 09:50:46,mantuuuul
Devan Dirgantara,4,2026-04-29 07:59:50,aplikasi bagus sayang pelayanan di lapangan sangat lambat apa mungkin harus pake sogokan ya
Dian Herdiana,5,2026-04-29 07:40:15,mantap lah
Agus Ropiq,5,2026-04-29 07:31:26,jadi mudah cek berkas
Agyt Eko setia m,5,2026-04-29 07:19:14,bagua
Eron Kristriaji,5,2026-04-29 05:18:19,aplikasi sangat membantu. Terima kasih
ZULKARNAIN,5,2026-04-29 03:36:49,Tolong saya lupa sandi mau reset tapi kode OTP gak ada masuk ni di email saya edit : Saya coba lagi besokannya bisa masuk OTPnya sekarang sudah bisa login lagi
M zainudin Grip,5,2026-04-29 03:16:47,sangat mudah dlm proses antrean ataupun cara pengisian data
Kurniawan Dwi prasetiyo,5,2026-04-29 02:17:56,sangat membantu dan mempermudah
yosep celeh,2,2026-04-29 01:33:32,tak sesuai ekpetasi
Aang Priyatna,5,2026-04-29 01:06:02,bermanfaat
Nanda Pradana,5,2026-04-28 23:29:20,aplikasi yang sangat membantu
Hasyim Adnan,5,2026-04-28 13:37:10,"sanagat bermanfaat bagi daerah yang sudah update, masih ad beberapa daerah yang masih belum update"
Arie Juwariyah,5,2026-04-28 12:44:16,Alhamdulillah byk dimudahkan terimakasih BPN
Akbar Ksatria,1,2026-04-28 11:29:44,"di update malah ngaco ni app, mau antri masa harus ngisi data terus"
Bambang Mistoyo,5,2026-04-28 09:06:56,okey
sinta,5,2026-04-28 08:50:52,"baru ini aplikasi pemerintahan keren bgt 🩷. Dibanding aplikasi pemerintahan lainnya, tau sendiri lah gimana😔"
Teuku Daut,5,2026-04-28 08:09:39,sangat membatu kami sebagai pendataan tana di desa kami
adi datahp,5,2026-04-28 06:53:37,good
Moksin Pattimura,5,2026-04-28 06:26:03,alhamdulillah sangat bagus dan memudahkan untuk cek. terima kasih atas pelayanan dan kemudahannya
sumianto anto,5,2026-04-28 06:09:11,sangat berguna praktis tdk ribet
Wahyu Ubaidillah,5,2026-04-28 05:12:11,sangat membantu 👍
Mulki Hasan,5,2026-04-28 05:01:06,sangat membantu
baidillah dillah,5,2026-04-28 04:48:13,sangat membantu sekali
Parlindungan Siregar,5,2026-04-28 04:09:23,ok
Ronnie Nurbiantoro,5,2026-04-28 02:58:51,"Bermanfaat sekali, sangat membantu arus dokumen sudah sejauh mana kita bisa mengetahui dan prakiraan selesai bisa diprediksi."
Ardin laugi,4,2026-04-28 01:40:35,"Aplikasinya bagus, hanya sj menu tanya berkasku hapus saja, jdi menghambat penyelesaian berkas yang ad.."
France Richie09,5,2026-04-28 01:02:15,bagus
Irvan Ismail,5,2026-04-28 00:33:00,👍🏻👍🏻👍🏻
Agus Supriyatna,5,2026-04-28 00:20:26,bagus terbantukan ga bolak balik ke BPN
Karna Alpinata,5,2026-04-27 23:56:42,sangat membantu
adi Setiawadi,4,2026-04-27 23:04:34,sangat membantu hanya lebih di tingkatkan lagi pelayanan kerjanya sejauh ini banyak perubahan lebih baik dari sebelum nya
Irsa Saepul,5,2026-04-27 22:42:59,bagus
Muhammad yasir Salihi,5,2026-04-27 21:34:59,good
Topx Mahesastudio,5,2026-04-27 17:27:16,good
Siti Makbulah,5,2026-04-27 14:05:43,aplikasi yang sangat bagus
Aris Kaili,1,2026-04-27 13:36:31,cari berkas lalot bgt . TDK bisa kebuka.
Rully Wibowo Arifin,5,2026-04-27 12:52:15,Membantu identifikasi tanah
Budi Budiman,5,2026-04-27 11:49:53,mudah menggunakannya
holip identifikasi,4,2026-04-27 11:22:58,sangat membantu dalam pengecekatn tanah ke akurasi nya samgat bagus
Adi Supriadi,5,2026-04-27 11:18:34,mudah digunakan aplikasinya.
Dewi Rubini,5,2026-04-27 10:34:23,mudah mencari data pertanyaan.
Anwari Property Rakyat,5,2026-04-27 10:19:11,bagus masyarakat semakin dipermudah update serrifikat
Uthe Irianto,5,2026-04-27 09:18:31,sangat membantu ...
Bagus Mahardika,5,2026-04-27 08:39:33,baru kali ini ada aplikasi pemerintah yg sangat bagus
Zebul Sanchez,5,2026-04-27 08:32:21,bagus
Mhamat Fitra,5,2026-04-27 08:13:30,mantap
Elfran Hasiholan,5,2026-04-27 07:50:13,sangat membantu
iriani Arkana,5,2026-04-27 07:09:06,Aplikasi ini sangat membantu sekali dalam proses pembuatan dan pengurusan surat property. Membuat Sertifiksat saya mudah di lacak dan cepat selesai. Trimakasih 👍
Adhie Setiawan,5,2026-04-27 04:30:39,manstap atas kemajuannya
Rachmat Hidayat,5,2026-04-27 02:31:39,mantap
Joko Suharjono,5,2026-04-27 00:23:12,bagus pelayanannya.
Rizal Fahlefi,5,2026-04-27 00:04:43,"kenapa kok tidak bisa di hp saya, mestinya kompetibel buat seluruh hp."
teguh Prasetyo,5,2026-04-26 22:30:04,aplikasi bagus
Marthin djami KA MANJA,5,2026-04-26 15:44:16,terbaik
Kaprie Yani,5,2026-04-26 15:33:50,mantap
Raymond Punya08,5,2026-04-26 14:31:16,good like
amey ae 77,5,2026-04-26 14:10:33,"sangat bermanfaat,bisa lngsng cek sertifikat kita"
Listriyanto,5,2026-04-26 10:32:13,Coba di aplikasi ini bisa bikin sertifikat digital ya...
ota talim,5,2026-04-26 10:27:33,"Aplikasi nya mudah dipakai, dan sangat membantu pemohon urus surat di bpn"
kang joko,5,2026-04-26 05:59:11,berguna untuk semua
Haris Fajrianor,5,2026-04-26 05:57:11,aplikasi yng sangat bermanfaat dan meempermudah
Dalan Rezeki,5,2026-04-25 19:12:52,ok lah
supriadi surahman,4,2026-04-25 12:15:30,Gak bisa validasi data ya .. apa harus ke kantor ATR/BPN setempat .. alhamdulillah setelah sekian lama baru bisa verifikasi data .. semoga layanan memudahkan pengurusan sertifikat
Fidyah Yunitha,5,2026-04-25 10:56:07,aplikasinya bagus
Dastam,5,2026-04-25 10:48:11,cukup membantu buat ngecek status
SULASNO JR,5,2026-04-25 09:37:32,Sangat membantu
kresna Nune,5,2026-04-25 09:11:19,"bagus... mudah di akses .. hanya kurang informasi rdtr , zona"
m ridha R (MRidhazzz),5,2026-04-25 08:30:34,mantapzzzz
Desi Rahmawati,5,2026-04-25 08:05:21,membantu dalam ngambil no antrian
WITA PUSPITASARI,5,2026-04-25 06:30:48,mantap aplikasi yang bisa membantu kita untuk melakukan pengecekan sertifikat
Rozi Mely,5,2026-04-25 06:28:45,sangat bagus
ibn saeran,2,2026-04-25 05:20:04,verifikasi wajah tidak bisa
Junirah Uc21,5,2026-04-25 04:38:59,Aplikasi bagus mudah di akses
citra natalia,5,2026-04-25 02:25:17,nice 🫶🏻
Ahdan saudi,5,2026-04-25 00:47:00,aplikasi ini sangat membantu dalam pencarian titik lokasi tanah dan atau bidang tanah dan bisa menemukan bidang tanah yang belum bersertifikat
Yadi Aldi,5,2026-04-24 13:18:09,apliaksi sangat membantu
Benny Susanto,5,2026-04-24 12:50:42,Cepat dan ga ada aneh2 kayak aplikasi lain
Huliman Rao,5,2026-04-24 12:17:43,mantap
HASANUDDIN,5,2026-04-24 11:22:39,sangat mudah digunakan
Daffa Adym,5,2026-04-24 11:05:30,sangat bermanfaat
beby chatree,5,2026-04-24 09:58:32,sangat membantu
Irwan Ramendra,5,2026-04-24 07:48:17,bagus juga
Made Suarsi,3,2026-04-24 06:11:16,susah log in.
Emil Felia,1,2026-04-24 03:59:44,"mau login ngga bisa malah RTO mulu, udah ganti 2 email tetep ngga bisa"
sarmudi yanto,5,2026-04-24 03:04:10,"Bagus, Simpel dan Praktis."
Mahpudin Rm,5,2026-04-24 03:01:39,Apk ini sangat membantu sekali utk mengecek lokasi objek tanah.pokonya mudah banget
Adi Pramono,5,2026-04-24 02:36:03,sangat membantu
dwi cahyono,5,2026-04-24 00:05:53,data Akurat dan sama dengan hard covernya
velia agustianingsih,5,2026-04-23 23:37:48,suka sekali dengan aplikasi ini
Imam Farikhin,5,2026-04-23 23:27:11,Sangat membantu dalam hal pemahaman Dunia Pertanahan.
Randa Ceo,5,2026-04-23 22:51:42,sangat membantu
Eli Maryani,1,2026-04-23 21:18:07,kerjanya jangan sesuai pesanan
Andi Tia,5,2026-04-23 16:07:12,sangat bermanfaat
Doli Ritonga,4,2026-04-23 12:58:42,tingkat terus informasi online
Dahlan,5,2026-04-23 11:36:39,Aplikasi yang sangat bagus untuk mengetahui bidang tanah lebih akurat....👍👍👍
alfan nasir,5,2026-04-23 11:13:27,"sangat membantu, mudah dan informatif"
Nana Sumarna,4,2026-04-23 10:17:51,lumayan
Heru Gunawan,5,2026-04-23 09:25:19,good
Novi Rochita,5,2026-04-23 09:01:44,"terimakasih untuk aplikasi nya, sangat membantu"
Dasep Novian,5,2026-04-23 04:19:18,ok
Anfindra Anfindra,5,2026-04-23 02:41:00,Aplikasinya bagus dan sangat bermanfaat
Telapak Kaki,5,2026-04-23 02:38:20,aplikasi oke
R.A indra triwahyudi,5,2026-04-23 02:04:57,jelas singkat padat berkualitas
didink soul4444,5,2026-04-23 01:58:55,Baik
ARLI MERTABESARI,5,2026-04-23 01:34:46,Sangat bermanfaat
Muz taba,5,2026-04-23 01:27:41,sangat membantu
abuadha rahmadi,5,2026-04-23 00:23:31,bagus cukup
dwi haryanto,5,2026-04-22 22:28:41,mantab
Cristie Nathalia Nugroho,5,2026-04-22 16:31:10,sangat berguna sekali😊
Latip Dtt2000,4,2026-04-22 15:59:51,mantap
Indra Riawan,5,2026-04-22 14:46:48,Sangat membantu masyarakat
Subiyanto S,5,2026-04-22 14:44:15,akurat
Nur Hidayat,5,2026-04-22 09:13:44,Mudah digunakan dan banyak fiturnya
Nda 2012,1,2026-04-22 09:00:59,parah apk nya gak jalan
Bos' ku Bos' ku,5,2026-04-22 05:17:15,Ok baik
Anjas Tian,5,2026-04-22 04:56:15,Sangat membantu
Mutholib,5,2026-04-22 04:10:08,ok
rudi suryanto,5,2026-04-22 02:25:06,mantap dan sangat membantu
Apid Dae robi,5,2026-04-21 21:51:17,sangat membatu dan memudahkan urusan
Pujianto Channel 01,5,2026-04-21 15:53:04,bagus sangat memudahkan
yaman galang,5,2026-04-21 13:07:10,bagus
Jhoni Pranata,5,2026-04-21 12:10:43,cukup baik
Momoy Cat,1,2026-04-21 09:08:41,"ini apk gunanya apa coba, gak jelas bgt. Status berkas sudah selesai bisa diambil, faktanya belom kelar juga, aneh bgt. Klo by sistem harusnya ya jgn ngeprank dong, perbaiki SDM nya , kerja yg bener , udah gak sesuai estimasi , eh ngeprank pula!"
Lubna Mashur,5,2026-04-21 06:32:10,bagus
Wo Wawi,5,2026-04-21 04:57:43,Akses sangat mudah dan membantu
prima minati,5,2026-04-21 03:59:51,bagus
IR.Agustinus Bambang Darmanto,5,2026-04-21 03:45:42,bagus...
indra warisman,5,2026-04-21 02:40:48,aplikasi yang bagus
Sovia Sa,1,2026-04-20 23:34:57,aplikasi payah
agus anthox,5,2026-04-20 23:18:46,semoga dapat membantu control progres pembuatan sertifikat rumahku
SRI Ningsih,1,2026-04-20 22:52:33,"lemot,lambat,masuk juga cm berhenti trs,kurg respon"
Syam Sinar,5,2026-04-20 14:59:32,proses cepat
Rizky Setiawan,5,2026-04-20 14:36:32,membantu pengecekan rumah dan legalitas
Yogi PERSIKAD,5,2026-04-20 11:31:04,mempermudah kita untuk pengecekan data sertifikat tanah dan pengurusan.
c_ms,5,2026-04-20 07:16:14,sukup membantu untuk melihat hak milik atas tanah
"P, Nova Irawan",5,2026-04-20 07:08:25,Bermanfaat dan praktis.
JB Budijarto,5,2026-04-20 05:02:52,sangat membantu
yadi cahyadi,5,2026-04-20 03:24:15,memudahkan pencarian data
kudulTv kudul,5,2026-04-20 03:09:26,sangat membantu
Achmadi Zulkifli,1,2026-04-19 23:55:40,bagus
Novintri Sularso,5,2026-04-19 09:35:48,bagus dan jelas di area yg kami tujuan
Ach Arif Rohman,5,2026-04-19 01:31:30,"Aplikasi Data Sensitif yang sangat Bagus, Mudah2an Punya Tingkat Keamanan Tinggi"
Richie Jedhung,5,2026-04-18 11:51:07,lewat aplikasi sentuh tanahku jd lebih jelas segala proses. Dan bs menjadi sistem kearsipan utk pemilik. Saran mungkin bs ditampilkan kalkulasi proses sampai selesai secara rupiah. Terima kasih
Gsutisna,5,2026-04-18 11:44:57,"sentuh tanahku sangat membantu masyarakat ,,,"
topan prahara,5,2026-04-18 09:22:10,ok banget
Opa Cs,5,2026-04-18 08:21:39,Mantap👍
SUPRAFIT BAKUL,5,2026-04-18 06:04:52,"Mudah di akses,menghemat biaya,bisa di akses darimana saja,."
Dina citra Nirmala,5,2026-04-18 03:47:45,memudahkan masyarakat untuk melakukan pengecekan sertipikatny apakah sudah masuk ke sistem atau blm
Syahrul,3,2026-04-18 00:13:23,belum bisa cari berkas hingga tahun 1990
Zaky Fals (Muzaki),5,2026-04-17 14:48:19,bagus sekali
maston nainggolan,5,2026-04-17 13:46:52,"Lengkap dan akurat sehingga pengguna jelas - jelas terbantu. Harapan selanjutnya, tingkatkan perubahan posif ini sehingga bisa meningkatkan penerimaan pajak."
eko raharjo,5,2026-04-17 10:45:02,good information
Faharuddin Ahdar,5,2026-04-17 10:30:39,aplikasi sangat mendukung
Ahmad Sawin,5,2026-04-17 05:14:43,good job
ircham robbaq Azwar,5,2026-04-17 04:49:10,semoga amanah
Rezky Amalfhi,5,2026-04-17 02:16:48,luar biasa dengan aplikasi ini
SUHAIRI YEYENK,5,2026-04-17 00:29:16,aplikasi yg sangat membantu
Ali Muzamil,5,2026-04-16 22:00:39,ok
Jumiati Jaya,5,2026-04-16 12:36:23,Alhamdulillah
Herr yanto,5,2026-04-16 12:34:23,bagus
epa mustopa,5,2026-04-16 11:35:04,Terima kasih sangat membantu
m saepulloh,5,2026-04-16 10:29:28,"alhamdulillah. terimakasih buat semuanya, sudah memudahkan kami. Jazakallahu khoiron katsiron."
adi amrul,5,2026-04-16 09:34:45,sangat membantu mencari lokasi dan batas tanah
Maman Hermana,5,2026-04-16 08:50:55,dengan aplikasi sentuh tanahku sangat membantu dalam proses kerja di lapangan
Monang Nadeak,5,2026-04-16 06:47:16,membantu untuk pengecekan lokasi
Musa Indra,5,2026-04-16 06:31:21,manfaat
Rajendra Kaka,5,2026-04-16 06:07:27,keren sekarang antri cukup klik dari rumah
Toufan _Ldt,5,2026-04-16 04:55:22,Alhamdulillah bisa melihat seluruh yg ada di sertifikat
Asjan Anugerah Zai,5,2026-04-16 00:39:11,Terbantu
Kurniawan Teddy,5,2026-04-16 00:30:42,bagus
Dadang sutrisna,5,2026-04-15 20:24:37,"bagus, lebih ditingkatkan lagi untuk kedepannya..."
Pelanggan Osgo,5,2026-04-15 13:58:59,bisa kita gunakan untuk keperluan
Adhi fishing,5,2026-04-15 13:07:20,"wah aplikasi yang sangat membantu, cari langsung dapat, semoga akurasi tepat"
Naufal Fadillah,1,2026-04-15 12:37:17,sweaar Ribet bangeet ngurus Cek sertifikat rmh alasannya arsip surat tanah tdk ditemukan ... yg heran kok bs didalam gedung BPN arsip surat tanah bs hilang mang tuh surat tanah bs jalan sendiri yach ??? ini sdh hampir 3 bln lebih blm ditemukan & sy mau ngurus penerbitan surat tanah baru jg dipersulit padahal sy butuh utk pencairan dana KPR bank ... benar2 kecewaaaaaaaaa
AGUS WAHYUDI,5,2026-04-15 12:33:40,bagus semoga semakin akurat dan aman
Wiwit Cipto Nugroho,5,2026-04-15 04:07:24,Sangat membanggakan
Andry Adresia,5,2026-04-15 03:51:04,aplikasinya bagus karena memudahkan dalam pengecekan sertifikat tanah
Wahyudin Wahyudin,5,2026-04-15 01:06:56,Praktis
suyudi yudi,4,2026-04-14 23:17:40,membantu kerja sehari2
Iden Pongke,5,2026-04-14 22:40:55,"aplikasix sangat baik,bisa langsung. mendeteksi lokasi SHM.tdk mudah dimanipulasi data data lokasi"
fake faiq,5,2026-04-14 22:13:30,so far so good
Muhammad Abdul Majid,5,2026-04-14 18:02:35,ok
Sofyan S.Th.I,5,2026-04-14 13:20:49,Bagus sekali Aplikasi ini. sangat akurat
bayu wardhana,5,2026-04-14 11:16:03,sangat membantu
iwayan wimerta,5,2026-04-14 08:37:26,"sangat sangat membantu saya dalam pencarian informasi lahan, sangat luar biasa, dan kalau bisa ditambahkan layanan INFORMASI TATA RUANG (ITR) setiap daerahnya. 👍👍👍👍👍"
Yuyus Yustiana,5,2026-04-14 08:33:19,sangat berguna
Yudi Flamboyan,5,2026-04-14 08:32:42,mantap
afif f,5,2026-04-14 04:05:26,ckup mmbntu
fajri purwana,3,2026-04-14 03:52:16,saya kasih 3 Bintang dulu. kalau sudah bisa Cek Sertifikat ditanah yang di curi orang. baru kasihkan bintang 5.
Naufal Nizam,5,2026-04-14 03:09:07,baik
adsen ke 2,5,2026-04-14 00:49:48,ok
Ikhsan Wibowo,5,2026-04-14 00:38:11,sangat membantu dan mudah
ricky rusydi satriawan,5,2026-04-13 23:20:52,bagus
Juniardis jun,5,2026-04-13 23:11:03,👌
Agung Panduwinata,5,2026-04-13 17:08:04,"bagus,gakribet, mudah di aplikasikan, walaupun tidak tau NUB nya masih bisa cari bidang dengan NIK KTP yang terhubung dengan NUB. mantap pokoknya."
Sabil salsabil,5,2026-04-13 15:44:54,sangat membantu
Mutaya,5,2026-04-13 13:28:38,bagus. pertahankan dan juga kembangkan.
riwan satria,5,2026-04-13 13:01:40,bagus
Karmila Burdin,5,2026-04-13 13:00:05,bagus mempermudah melihat sertifikat sdh dimana diselesaikan
Agus Prianto79,5,2026-04-13 12:02:26,mantab sangat bermanfaat
Siati,5,2026-04-13 10:17:54,blom nyoba tapi mudah masuknya
akbar ken,5,2026-04-13 08:15:11,untuk cek lokasi tanah tidak bisa
Nur Salim (Salim),5,2026-04-13 03:18:48,aplikasi yg sangat membantu
Adjie Tjakra,5,2026-04-13 02:39:58,bagus aplikasinya
ᴄʜᴀɴ,5,2026-04-13 01:25:45,alhamdulilah sangat membantu
DRA KIKI LUBIS,5,2026-04-12 15:25:21,proses berkas sesuai diskripsi dan selalu memberikan update berkas terbaik
Eko Siswa,5,2026-04-12 10:30:50,"aplikasi ini sangat bagus, sangat membantu para pemegang sertifikat dan juga membantu perangkat desa dalam mengecek hal-hal yang berhubungan dengan sertifikat tanah, cuma sayang gambarnya kurang pas dengan lokasi di lapangan"
Hilmi,3,2026-04-12 09:37:20,"Mohon sekalian ada informasi Pajak Bumi dan Bangunan tiap tahun, sehingga tahu pajak yg blm terbayar serta nomor wajib pajaknya. kalau sudah ada informasi PBB saya akan kasih bintang 5"
Faisal 0902,5,2026-04-12 08:52:05,aplikasi yang sangat membantu
kidto to,5,2026-04-12 03:38:59,semoga semakin baik
Ijmalmuqtafin Ijmal,5,2026-04-12 02:25:38,sangat membantu trimakasih atr bpn
Zainuddin Sedo,5,2026-04-12 02:07:12,aplikasi yang sangat penting dan membantu
lena sasikirana,5,2026-04-11 23:55:12,mantap
Rafi Ibnu,5,2026-04-11 14:19:52,sangat membantu
subki activity,5,2026-04-11 13:15:26,bagus
Rifqi21,3,2026-04-11 04:46:55,"ga akurat.. tanah saya SHM, cek bpn SHM, eh disentuh tanahku masih garis abu abu alias blum bersertifikat"
Rudi Mansyah,5,2026-04-10 22:35:47,Bismillah... Alhamdulillah... Pelayanan nyaman... Amanah... transparan setiap proses terinfo... Biaya sangat merakyat... Jazakallaah khoir barokallah fikum... Terima kasih😘💕
Cipta karya Membrane,5,2026-04-10 15:24:35,baik sangat membantu terkait sertifikat digital
Hanya Baranyay,5,2026-04-10 14:35:32,sangat membantu
Hasyim Badru,5,2026-04-10 09:20:25,sangat membantu
Wini Ayu Rakhmawati,1,2026-04-10 08:14:31,"saya lupa password, screen loading terus ga bisa2."
IMAN ARIFFUDIN,5,2026-04-10 07:07:51,proses lebih mudah dan cepat
Uung Rosad,5,2026-04-10 04:42:07,berfungsi baik
Andre Maret,5,2026-04-10 03:03:38,membantu
Andri Yopi,5,2026-04-10 01:12:37,keren
Rosdianto Rosdi,5,2026-04-10 00:27:03,bagus
Maman Rohiman,5,2026-04-09 23:30:50,lama banget..akhirnya sekarang bisa login lagi..
Dany Hawa,5,2026-04-09 18:15:51,mantab
Bunyamin,1,2026-04-09 13:15:50,"Setelah di update, sangat membingungkan, terlebih lagi saat ingin mengambil antrian, sangat membingungkan"
NLC,2,2026-04-09 07:39:03,"cek lahan susah memuat data mulu, udah di un instal juga masih sama, jaringan gak ada masalah buang waktu sekali"
Doni Ananda,5,2026-04-09 07:19:45,Memudahkan cara mengecek sertifikat tanah
Suka,5,2026-04-09 06:22:51,aplikasi ini memudahkan utk mencari lokasi tanah yang akurat.
Akhmad Gosaheri,5,2026-04-09 03:56:19,"bagus,aplikasi ini sangat membantu"
Khoirujan Warang,5,2026-04-09 03:39:16,saya sangat menyukai aplikasi ini untuk mengecek status tanah yang saya miliki
Aryo Daru Wicaksono,5,2026-04-09 03:33:05,ok
Angga Apriana,1,2026-04-09 03:25:28,"lama banget, nungguin bidang-bidang nya muncul heleh, jaringan bagus padahal"
Riyan Handoko,5,2026-04-09 03:01:11,sangat membantu
Athaya Albani,5,2026-04-09 02:48:46,mudah mendapatkan informasi
Bunafi SP,5,2026-04-09 02:09:00,aplikasinya bagus
Edyson Kades 2,5,2026-04-09 01:26:09,bagus
Arie Sunaryanto,5,2026-04-09 00:42:22,"ok,mempermudah proses pertanahan"
Adriana Takdira Diningsi,2,2026-04-08 23:42:27,"buruk, di aplikasi berkas sudah D ambl tpi di kantor berkas belum selesai!!!!"
Jaka aiswah,5,2026-04-08 23:12:43,agak ribet sandi
Lie Jay,5,2026-04-08 21:59:26,bagus sekali karena berada di jalur hak ahli waris tanah
Frida Ariwibowo,5,2026-04-08 11:45:38,sangat membantu
Roby Irawan,5,2026-04-08 08:36:15,akurat
b3tal YTH,5,2026-04-08 05:56:42,terima kasih
isyuniharto harto,5,2026-04-08 04:04:07,memudahkan pengecekan keaslian sertifikat HM
Cak Tele,5,2026-04-07 15:24:58,good
Fakhri Noveldi,5,2026-04-07 13:35:21,terima kasih sangat membantu masyarakat untuk mendapatkan info tentang pelayanan BPN
Yusliani Rahman,5,2026-04-07 11:48:22,mantap
agus sulistiyo,5,2026-04-07 11:47:48,mantap
Dami Buraen,5,2026-04-07 07:15:59,mantap
Irma Yani,5,2026-04-07 06:05:05,sangat membantu
The Red,5,2026-04-07 05:30:25,good
"Noervan ,",5,2026-04-07 04:17:52,baik
Labib Jahran,5,2026-04-07 03:49:28,Lumayan Cukup membantu
Amiluddin Azis,5,2026-04-07 03:32:00,Cukup bagus dan membantu
Ak Z,5,2026-04-07 01:54:01,"selamat Pagi, terima kasih atas bantuannya."
Haspra Syamsuardi,5,2026-04-07 01:13:23,baik
Ashwan Rahim,5,2026-04-07 00:11:45,terbaik
jayasumpena,5,2026-04-06 08:52:00,Akurat.tapi belum bisa operasikan semua fitur.Sekarang dah lebih baik Indonesia ku
aira sugandhi,5,2026-04-06 08:23:14,mantap deh
Muhaimin haimin,5,2026-04-06 08:11:38,keren
Livi Brown,5,2026-04-06 06:29:40,oke
Haryo Pramono,5,2026-04-06 06:00:43,sangat luar biasa
QuîvêrS,5,2026-04-06 05:51:02,sejauh ini sangat membantu
Anita Nita,5,2026-04-06 05:35:28,sangat membantuu
TIEF COGAN,4,2026-04-06 04:41:59,"aplikasi bagus , antri nya ini terlalu lama..."
M Soffan,5,2026-04-06 03:57:51,akurat
Teuku Helmi,3,2026-04-06 03:56:20,"disistem sertifikat sudah selesai dan keterangan sudah diambil sejak 2 minggu lalu, namun saya baru sempat datang ke BPN hari ini, tapi penjelasan dari petugas di BPan belum siap sertifikatnya, itu untuk sistem aja biar layanan tidak kadaluarsa."
Rizki Wijaya,5,2026-04-06 03:52:51,"bagus, detail.."
Ahmad Siswanto,5,2026-04-06 03:37:26,sangat membantu
to to,5,2026-04-06 03:09:41,oke ygy
Junaedi Abdillah,5,2026-04-06 02:34:49,keren bisa monitor berkas kita
RJA FAMILY,5,2026-04-06 02:23:30,like
Hotman Octovianus,5,2026-04-06 02:02:47,oke
MOH NAJIHUL ABID MF,5,2026-04-05 14:56:59,aplikasi yang sangat membantu
BANG IMUY,5,2026-04-05 12:25:34,afk bagus
Dedi Hendiawan,5,2026-04-05 08:58:01,siip
Midun Siniz,5,2026-04-05 06:00:35,mantab
Wiwin Agung,5,2026-04-05 05:25:11,sangat membantu ... semoga gak ada mafia tanah lagi.
ronnyjbr2,5,2026-04-05 02:56:42,semakin bagus setelah diupdate
Rahmatsyah Fuady,5,2026-04-04 15:10:11,praktis & helpful
Karunia Illahi,5,2026-04-04 14:01:39,memudahkan pengecekan. sampai hari ini masih bintang 5 karena dicek dengan sangat mudah
irsan,5,2026-04-04 11:52:09,Dengan Digitalisasi semua urusan jadi mudah
kwek kwang,5,2026-04-04 11:13:46,ok
anto wiyono,5,2026-04-04 10:52:36,bagus
Eko Mulyanto,5,2026-04-04 08:13:28,cepat dn tepat...
MUSTAQIM,1,2026-04-04 03:31:33,500- Something went wrong on our side. Please try again later. Saat verifikasi melalui daring.
Danu Balkis,3,2026-04-04 01:29:01,good
sapuan spdi,5,2026-04-03 14:07:19,Aplikasi Sentuh Tanahku sangat bermanfaat
Ahmad Nur Ismail,5,2026-04-03 11:01:19,sayang membantu dg data yg valid dan akurasi tinggi. terimakasih
DAPOT JUMPARAWA SIHOTANG,5,2026-04-03 03:29:00,sangat baik
putra rudyKhaer,5,2026-04-02 23:21:30,sangat berguna dan praktis..saya harap lebih ditingkatkan lagi khusus terkait pada menu notifikasi begitu saya klik kok blank yah Dan saat ini menu notifikasi khusus nya tentang pengumuman sertikat hilang sudah terbaca ..hal ini sangat penting sehingga bisa mengingatkan kita agar lebih hati-hati lagi terkait dokumen penting🙏
balyan Mtd,5,2026-04-02 17:37:56,sangat jelas dan membantu mangetahui peta wilayah
Hany Any,5,2026-04-02 11:57:15,Aplikasi ini sangat bermanfaat
Faezal Reza,5,2026-04-02 10:06:21,"ok, sangat membantu sekali untuk memeriksa sertifikat tanah yang kita miliki.b"
Syariyah Abdullah,5,2026-04-02 02:19:21,cepat dan akurat
infiniks 40note,5,2026-04-01 16:12:34,bagus
Fredy Hermawan,5,2026-04-01 15:23:20,aplikasi yg bagus dan support team untuk menanggapi pertanyaan fast respon👍👍
Ihsman Ihrwan,5,2026-04-01 15:20:33,sangat cocok skali
Najziman Syakaro,5,2026-04-01 12:21:47,mantap
Kalong Malam,5,2026-04-01 12:16:52,"Sentuh tanahku android sdh sangat bagus, kalau bisa ada juga versi web, jadi bisa dibuka dr laptop"
Ahmad labib Rais,5,2026-04-01 11:09:24,⭐⭐⭐⭐⭐mantap
angga,5,2026-04-01 07:25:47,ok
Efendi Kusuma,5,2026-04-01 04:34:28,Kini lebih mudah utk chek lokasi tanah yg sudah bersertifikat dengan sangat akurat
Syah Rinaldi,5,2026-04-01 03:56:44,sangat bagus
ISTHOFAINI FADHILAH,2,2026-04-01 03:26:09,"tidak bisa login, kode otp tdk terkirim ke email .."
Muhaemin Suprayogi,5,2026-04-01 03:14:20,bagus
Felin Hutabarat,5,2026-04-01 03:10:53,ok
cecep suhendar,5,2026-04-01 02:34:08,KEMENTERIAN ATR/BPN
Ijan Darajat,1,2026-04-01 01:50:09,"Lupa password tapi gak dapet kode verifikasi di email, , mohon di perbaiki lagi pengiriman kode verifikasi ke emailnya"
Ade Sukarya,5,2026-03-31 12:00:25,sangat bermanfaat
Sugeng Aribowo,5,2026-03-31 05:07:29,pengunaan aplikasi sangat mudah
Yoga Sugiri,5,2026-03-31 04:40:32,sangat membantu
Workshop Nur Al Musthofa,5,2026-03-30 17:56:48,sayang nya tidak bisa ukur langsung luas meter² seperti awal2 launcing apk ini
Trisna Sabarina,5,2026-03-30 16:23:40,Aset lebih Aman
Jermias,5,2026-03-30 06:01:51,cukup baik
Supriyanto Supriyanto,4,2026-03-30 04:41:07,cukup membantu untuk mengecek simulasi biaya meski realita pelaksanannya blm tau ada tmbahan lain2ny atau tidak kak
Mas bro channel,3,2026-03-30 02:01:23,apk sudah bgs cuman bertanya lewat email tidak ada respon dan lewat wa mlh bot yg jawab.pelayanan digital di email dan wa yg kurang memuaskan...sudah 1x24 jam lebihnya buanyak...poll
IRWAN Setyo Budi,1,2026-03-29 12:32:04,"kok bisa ya, tiba2 punya sertifikat di aplikasi, trus mau konfirmasi di kantor atr BPN GK ada kejelasan,udah nunggu di kantor 6 jam, terus di suruh pulang , ngurus di desa lagi katanya..., sampai rumah, cek aplikasi sertifikat tiba2 hilang lagi...😮‍💨😮‍💨😮‍💨, di peta juga tiba2 kosong, sebelumnya ada hak milik,,kayak di permainkan,,, mau lapor,GK tau kemana,,,"
IWAN HERMAWAN,5,2026-03-29 11:31:30,"membantu banget,,. bisa cek proses sertifikat tanpa tanya notaris"
Warna Agung,5,2026-03-29 07:55:21,the best
Ex Novmon Nov,1,2026-03-29 07:37:34,bisah tanya nga carah buat sandinya gmna ku siksa buat sandiya
Rahmat 1789,5,2026-03-29 06:24:39,keren ini aplikasi. sangat membantu
Masrikan,5,2026-03-29 05:54:26,bagus
Wahyu Widayoko,5,2026-03-29 04:04:37,Sip bisa lihat progres sertifikat sudah jadi apa belum
heri susanto,5,2026-03-29 01:28:20,lebih mudah mengakses tanah.
Iman Ketel,3,2026-03-28 12:02:46,"utk cek serfikat tanah yg mau dibeli memasukkan Nomor sertifikat gak bisa, mungkin ada yg bisa caranya ?"
kris hartanto,5,2026-03-28 11:13:09,mantap aplikasinya
Anggi nugroho hsb,5,2026-03-28 10:17:15,nice
Ariya Sh,5,2026-03-28 08:09:05,bagus ini cuman kenapa ia kok ukuran panjang kali lebar sertipikat gak ada hanya luasnya saja mohon diperbaiki
Baja Hitam,5,2026-03-28 07:35:33,"saya bangga dengan aplikasi sentuh tanahku ,karena bisa mengecek status kepemilikan tanah, sertifikat tanah, ukuran tanah, dan banyak hal, hanya dengan satu aplikasi. Terimaksih aplikasi sentuh Tanahku."
Nda Supriadi,2,2026-03-28 06:31:35,Susah login...tiap mau login selalu disuruh masukin email sama password..padahal akun email saya sudah diaktivasi...gmn ini
NURUL ROHMAD,5,2026-03-28 06:12:07,sangat membantu
Sopiyan Sopiyan,5,2026-03-28 05:12:15,mntap
Kasmuri Muri,5,2026-03-28 01:56:22,Mudah di akses
Agus Slamet Prihanto,5,2026-03-27 21:44:57,sangat membantu
Arnoll Arnoll,5,2026-03-27 20:03:03,"tiap taun rubah/geser garis kuning nya, ini aplikasi kayaknya gak bisa buat patokan buat penentuan batas tanah kita, aku ada buktinya gak cuman omong doang"
Sam Hadi,1,2026-03-27 04:05:37,"ga sesuai expektasi, sangan buruk dalam respon"
Nur Salim,5,2026-03-25 22:44:04,mudah dan bermanfa'at
Moch Ichwan,5,2026-03-25 12:52:47,"Memberi wawasan baru,dan ilmu"
Opa Febi,5,2026-03-25 09:02:43,semua jadi transparan
BAROQAH 4SAUDARA,5,2026-03-25 08:53:53,bagus
Maxy Ida Marwati,1,2026-03-25 07:18:39,"saya ingin mengecek tanah mbah saya yg belum dbuat sertifikat, namun d aplikasi wajib mengisi nomor sertifikat ini sih yang agak sulit. ujung2nya harus ke BPN juga, pdhal cuma lagi survey aja apakah tanah ini sudah ada sertifikatnya apa blm"
M Suprapto,5,2026-03-25 03:22:29,sangat bermanfaat untuk masyarakat
ridho antomysh,5,2026-03-25 00:33:04,bermanfaat
Haktarezeki Betayusni,1,2026-03-24 23:55:45,"sertifikat elektronik telah diterima. salinan asli SHM Hak Milik (dari hasil pemecahan dari bidang hak guna bangunan/perubahan hak) dan PPAT dan NIB tertera. NAMUN SANGAT DISESALKAN ; saat dicek Nib di aplikasi Sentuh Tanahku, malah yang ada hak guna bangunan di kolom abu abu, seharusnya dikolom kuning. ya di update lah. yang lalai dimana, apa BPN nya, atau notaris atau aplikasi sentuh tanahku. mendingan aplikasi ini ditutup permanen, jgn lagi dipakai /publis ke masyarakat"
S.Fajar Utama Kawilarang,5,2026-03-24 23:13:40,sangat membantu....👍👍👍
Rhafa Rafi,5,2026-03-24 22:27:37,sangat membantu adanya aplikasi ini
Erna Widiawati,5,2026-03-24 00:38:56,ok
Ramli ramli,5,2026-03-23 17:42:02,mantap
Rio Wasito,5,2026-03-23 13:54:57,siap.. proses ferifikasi cepat
Imam Khoiri,5,2026-03-23 12:48:46,josssss mantap
Meky Tanau,5,2026-03-23 12:29:58,sangat membantu
Double_you,5,2026-03-23 11:18:35,Mantap
Vektor Hutapea,5,2026-03-23 04:37:10,Sangat bermafaat detail dan akurat
Achmad Husain,5,2026-03-23 01:28:45,sangat bermanfaat
Adollof Ohee,5,2026-03-23 00:14:26,bagus
Muh Taufik,5,2026-03-22 23:41:54,mantap
suparman sragen,5,2026-03-22 22:36:47,"mantap,, Akurat"
Azzam Amiruddin,5,2026-03-22 15:04:22,mantap
Richard beno (Bend),4,2026-03-22 10:05:00,Cukup membantu
andi Halili,5,2026-03-22 07:08:55,sangat membantu
M Khoirul Mahmudi,5,2026-03-22 06:17:38,sangat membantu mencari letak tanah
Risang Lesmana,5,2026-03-22 04:20:20,alhamdulillah bisa di pantau setiap saat
Ali,3,2026-03-22 03:44:11,memberikan titik akurat
Tetep Nurhiman,5,2026-03-22 02:31:55,mantap
Didier Drogba,4,2026-03-21 20:36:47,Kalau emg sdm nya blm mampu ngelola aplikasi ini ya gk usah buat aplikasi.. masak aplikasi tidak bisa masuk login..cek email gk ada balasan
Joe Tiven,5,2026-03-21 16:17:42,aplikasi yang sangat membantu dan semoga kedepan lebih di kembangkan lagi
MBAHPETROEX AL-FAATH,5,2026-03-21 14:55:44,sangat membantu sekali....UPDATE TERUS APLIKASI
Djizak Daniel,5,2026-03-21 14:11:52,sangat membantu
Papi Hoema,5,2026-03-21 13:43:29,mantap
FILLA AKSES,5,2026-03-21 09:31:47,sangat membantu
gading anugerah,5,2026-03-21 06:51:17,sangat membantu mengamankan dokumen tanah
boy Boy,5,2026-03-21 05:12:23,bagus
barnabas suarliak,5,2026-03-21 00:07:39,membantu dlm urusan pertanahan
Saparmin Jee,5,2026-03-20 13:01:34,ok mempermudah cek tanah saya terima kasih ATR BPN
Saut Siahaan,5,2026-03-20 04:44:42,bermanfaat
Eko Budi Sulistio,5,2026-03-20 01:32:50,keren aplikasinya
Mass Jenk,5,2026-03-19 15:00:52,sangat membantu
Aris. M Ayahnya Qilla & Fia,5,2026-03-19 14:41:59,oke
Asnefi Cani,2,2026-03-19 09:04:23,pengaduan ga bisa diproses...saya merasa ditipu sama pegawai BPN..dan juga masih adanya perilaku KKN di instansi tsb
Jun Ho Lim,5,2026-03-19 07:14:31,bagus sekali
Bonsen Hendi,5,2026-03-19 00:43:21,sangat bermanfaat untuk kepastian data yang kita miliki.
Yustivar Room,5,2026-03-18 22:21:46,"aplikasi sudah bagus sangat membantu saat pengurusan tanah, cuma di bagian berkasku jika berkas belum benar2 jadi jangan di noted sudah bisa diambil mungkin di noted dalam proses sampai berkas benar-benar sudah jadi."
Iqbal Ananda,1,2026-03-18 21:41:49,pelayanan buruk baik di kantor BPN nya maupun di aplikasinya
Emma Top,5,2026-03-18 21:18:19,Terimakasih Sentuh Tanahku
MB PKRI CADSENA,5,2026-03-18 14:11:08,Semoga Berkah
Herman Suherman,5,2026-03-17 23:48:21,Best App
Dody baget,5,2026-03-17 15:41:41,saya suka sekali dengan aplikasi nya
Eyang Atiek,5,2026-03-17 05:56:48,mantap
Nur Roso,5,2026-03-17 02:27:31,meski sy baru buat aqun semoga berjalan dengan baik dan lancar
Bung Tomo,5,2026-03-16 22:22:05,sangat membantu
Susanto Eddy,5,2026-03-16 17:56:08,Alhamdulillah dengan adanya aplikasi sentuh tanahku jadi bisa cek sertifikat dan terjamin keamanannya
Irvan 123,5,2026-03-16 13:47:18,mantap
Muhammad Baihaqi,5,2026-03-16 12:37:41,memudahkan melihat status tanah ketika mau transaksi jual beli
EGA SAPUTRA,5,2026-03-16 06:52:44,bagus keren
Yanti Firyani,5,2026-03-16 03:11:40,keren sih BPN kab.bekasi proses dan pelayanan cepet asal data² lengkap semoga selalu amanah 🙏😇
Layla Cute,3,2026-03-16 01:10:20,kenapa setiap verifikasi wajah gx bisa yah..
Budiono Salam,4,2026-03-15 23:15:17,it is very good
Huma Edi,5,2026-03-15 22:30:28,sangat mudah dan membantu.
Tugiran Tugiran,5,2026-03-15 13:16:08,bagus membntu sekali
Aliansyah 20,5,2026-03-15 01:21:04,Sangat2 membantu & Akurat👍🏻👍🏻👍🏻
Asrar Saman,5,2026-03-14 19:12:31,sangat membantu
char lie,1,2026-03-14 11:42:53,ribet seribet nya
M Marthen,5,2026-03-14 06:09:15,sangat baik
FA,5,2026-03-14 05:10:18,Ya ini mengesankan.
Asep iman Nurhidayat,5,2026-03-13 19:34:25,apk bagus membantu
Sega Langgie,5,2026-03-13 18:46:02,mantab
Casmuri MR,5,2026-03-13 15:11:49,"Bari daftar Akun , Mudah mudahan Pelayanan sesuai harapan. Nanti d Review lagi"
Heru Murdiyanto,3,2026-03-13 03:46:53,sdh lumayan baik utk pelayanannya hanya nomor antrean g. berfungsi /ngacak
Matnuril,5,2026-03-12 23:54:34,"mudah, ringkas dan jelas"
ali murtado,5,2026-03-12 22:44:18,bagus
Gunawan W Tangahu,4,2026-03-12 22:24:49,secara umum aplikasi ini bagus dan memudahkan kita dalam mengetahui status berkas2 pertanahan yang kita miliki.. cuma tolong diantisipasi load di servernya.. beberapa kali aplikasi gagal mengakses berkas yang ingin kita buka..🙏
sam abur,5,2026-03-12 16:38:19,sangat membantu dan aplikasinyaa lurbiasaa lengkap👍👍👍
Ikhwan Attarmudzi,1,2026-03-12 15:32:49,kurang informasi tentang
"Muhammad Zuhri, S.Pd.I",5,2026-03-12 07:55:20,untuk informasi tanah ku
Who,5,2026-03-12 05:09:28,"unk pelayanan di online sdh slesai tapi di bpnnya blm slesai, dan cewek yg ngurus bagian loket unk HGB ke SHM di BPN Kota Bengkulu, juteknya MasyaAllah, kayaknya perlu training unk pelayanan ke pemohon , kita gak ngapa2in tapi kek uda sebel duluan dia sama pemohon, pdhal kan tugasnya dia ya, malah kita yg bener2 di suruh memohon 😁, so far uda bagus semua, cuma itu aja, semoga senyuman dan keihlasan kalian menjadi ibadah dalam menjalankan tugas melayani masyarakat"
Jazuli Juli,5,2026-03-12 03:48:33,ok
Yayan Heryana,1,2026-03-12 03:31:09,Informasi tidak Akurat dl aplikasi berkas sudah selesai saat di ke kantor BPN berkas masih dalam proses.
farid Ramdhan,5,2026-03-12 02:43:32,ntab
Sultan Alfati,5,2026-03-12 00:22:11,sangat bagus
Aby Alqatiry,5,2026-03-12 00:18:31,kenapa skrng tidka bisa mengukur seperti pertama kali sy menggunakan aplikasi ini di Thun 2019
"Adv. Muhamad Ikbal, S.H",4,2026-03-11 21:40:49,membantu sekali. terimakasih
Ridwan,5,2026-03-11 15:34:59,baik
Mussel lawang,5,2026-03-11 13:20:19,bagus sekali sangat membantu..terimakasih
Ciung Wanara,5,2026-03-11 13:08:37,mantap
FRANKY Franky,5,2026-03-11 13:06:48,Apl sentuh tanah ku is good ..
Fandhi,4,2026-03-11 11:40:50,"Percuma memiliki aplikasi yang bagus, tetapi jika tidak di dukung dengan SDM yang mau bergerak cepat. Salah satunya di BPN Kota dengan julukan planet lain yang untuk mengurus penghapusan ROYA dan ALIH MEDIA SERTIFIKAT sudah BERJALAN 2 BULAN SEJAK PENGAJUAN SAMPAI SEKARANG BELUM ADA KEMAJUAN. DARI ALASAN MUTASILAH DLL..."
Ruslirusli Eli,5,2026-03-11 08:49:57,sangat bagus dan bermanfaat
soleh nor,4,2026-03-11 07:46:23,ok sudah bisa
Rudi Hariawan,5,2026-03-11 06:55:22,excellent
sementara wow,1,2026-03-11 05:56:05,gampang down apk nya
Syahrul Fawaz muntazi,3,2026-03-11 05:49:38,gk bisa dibuka ini apk kita lagi buru2 periksa koneksi2 mulu buka apk lain aja bisa hiiihhhhh
Suqik Suqik,1,2026-03-11 05:29:03,tidak bisa digunakan
Prapti Handayani,5,2026-03-11 05:07:40,tapi semakin lola
Kanjeng Pipih,5,2026-03-11 04:50:46,keren
Eyu Aditia,4,2026-03-11 04:45:58,setelah update kok makin berat aplikasinya.. responnya jadi lama banget
gunawan awan,1,2026-03-11 04:24:30,tidak bermutu
Reza Mahendra,2,2026-03-11 04:17:27,Bugnya hari ini 11 Maret 2026 parah
Telaga Indah,1,2026-03-11 04:02:53,"sinyal bagus,tapi gak bisa login.tidur kali ya operator IT nya.."
Muhammad Garil Saputra,1,2026-03-11 03:56:35,banyak lemot nya
Hafizh Dannur Hafshah,1,2026-03-11 03:45:59,"Aplikasi lemot, loading tidak kunjung selesai. Alhasil tidak dapat digunakan!"
Rodi Odi,1,2026-03-11 03:21:07,ga bisa di buka malah setelah update
Rudi Yanto,5,2026-03-11 03:04:20,lagi lagi eeorr
vehement tsuky,1,2026-03-11 02:59:22,daftar akun sulit
Risky Febri,1,2026-03-11 02:40:32,update tambah berat aja
Wiwin Sulistyowati,3,2026-03-11 01:54:23,tolong dong untuk pengecekan berkas jangan terlalu ribet harusnya pakai nik ktp atau kk saja sudah bisa cek semua progres pengajuan
Ahmad Hasan,5,2026-03-11 01:09:37,Bagus
Frendi N.r,5,2026-03-11 01:09:32,josjis
reffsat,5,2026-03-10 14:06:56,harus ada akses komen dan usul atau apapun bagi warga negara di aplikasi misal untuk protes hal luas lokasi sebelum menjadi kasus pengadilan supaya pihak yang merugikan takut duluan tidak berani nakal atau licik mengakali hak kepemilikan yang sah..dan terkoneksi dengan aparat hukum terkait
Dudi Nurdiana,5,2026-03-10 11:20:08,ok
Henu Pitox,5,2026-03-10 07:08:31,good job bagus sangat membatu
qodir 45,4,2026-03-10 04:00:59,membantu
Ahmad Akmal,1,2026-03-10 03:28:48,"Sekarang era digitalisasi, aplikasinya juga cukup bagus, tapi masih ada juga transaksi dilapangan (bayar dilokasi) dalam proses pengukuran dan pemeriksaan oleh panitia tanah, padahal proses bayar untuk pendaftaran sudah ada yang online/bayar regis. Kenapa pembayaran masih ada yang bayar manual? bukannya ini dapat jadi jalan pungli atau tambahan pembayaran yg tidak sesuai dengan aturan?"
riki hendri,5,2026-03-10 01:46:40,ok
Edi darma,5,2026-03-10 00:07:47,proses cek lokasi bidang dan keabsahan shm lebih mandiri dan cepat
Indazil Arsyi,1,2026-03-09 22:59:29,mau bikin akun saja ribet bener. kenapa salah mulu woy sandi yg saya bikin padahal mah sudah lulus syaratnya. sudah beberapa kali ganti juga. dahlah.
Ricardo Sirait,5,2026-03-09 17:59:46,sangat membantu
hendra bdoy,5,2026-03-09 12:11:12,aplikasi mempermudah melihat sertifikat
Ahmad Dimyati,5,2026-03-09 11:10:11,Aplikasi bagus & sangat membantu bagi yg ingin melihat surat² kepemilikan tanah
Waker Jastro,5,2026-03-09 09:08:04,good aps
Rahmat Aji gumilang,1,2026-03-09 07:36:42,cemen ganguan terus. gak usah pakek aplikasih kalo belum siap
Arief Febriansyah Noer Farhan,5,2026-03-09 03:51:28,syukurlah Alhamdulillah... saya sudah berhasil sentuh tanahku dengan rahasia yang biar aman kuat lebih baik hati ya. makasih ya
hening pda,5,2026-03-09 02:41:50,"kami harapkan kedepannya bisa permohonan langsung dari sentuh tanahku, tanpa datang ke kantor pertanahan"
Pln Taliwang,5,2026-03-09 00:17:11,aplikasi 👍
Pengguna Google,5,2026-03-08 23:17:29,top
Puji Sutrisno,5,2026-03-08 17:23:28,mantap sangat membantu
John Hutrim,5,2026-03-08 13:40:21,mantab
raswan one heart,5,2026-03-08 10:57:06,sangat membantu
Kadek Dedox,5,2026-03-08 04:17:49,moga lebih baik
Harjoyo SE,5,2026-03-08 03:18:45,Ok
M.hoseiri Rojak,5,2026-03-08 02:16:21,sangat membatu
Asep Bedja Channel,5,2026-03-08 00:40:11,Bagus. Semoga semakin bagus lagi agar lebih maksimal dalam melayanani masyarakat dan dapat meminimalisir ruang gerak mafia tanah
Mas Joko,5,2026-03-07 22:02:47,ok bagus
prayudi arnanto,5,2026-03-07 13:55:24,nice
Arizki Hidayat,5,2026-03-07 13:10:46,Semoga makin lebih baik Indonesiaku
Coke Comber,5,2026-03-07 06:27:25,mantap
Raditya,4,2026-03-07 01:10:44,"dulu bisa lihat luas tanah tetangga, tapi sekarang tdk."
Hamdan Harahap,5,2026-03-06 08:38:20,agak bingung..
H,5,2026-03-06 08:24:02,bagus
Kaka Ancu,5,2026-03-06 06:33:52,good
pupu safaat,5,2026-03-06 06:01:38,sangat memuaskan
Callme J,5,2026-03-06 05:42:30,sejauh ini sudah bagus. tks
Asnawi Saefulanwar,5,2026-03-06 04:41:59,mantap sangat membantu
Alamsah Rambe,1,2026-03-06 02:37:01,bpn kabupaten purwakarta tidak profesional. tolong dibina lagi. saya dari awal mau blokir shm tapi prosedurnya ribet
hermanto sihombing,5,2026-03-05 23:52:48,BAGUS
Erwanto Madridista,5,2026-03-05 20:04:56,sangat membantu agar kita dapat mengecek ke basahan sertifikat tanah
Sri Wahyono,5,2026-03-05 18:26:22,sangat membantu
Cak Brintox,5,2026-03-05 16:57:15,aplikasi yang sangat bagus. sangat membantu sekali lihat lokasi rumah saya
andri sulistyo,5,2026-03-05 15:20:33,cukup bagus
Nurul Halimah,5,2026-03-05 13:05:17,membantu sekali dalam pngecekan tanah
Heri Hermanto,5,2026-03-05 11:21:03,"pelayanannya baik petugasnya ramah menurut saya ,,,makasih bapak bapak dan ibu ibu tadi saya ngurus Roya sendiri"
KINYUD SHOW,5,2026-03-05 09:01:18,informatif dan membantu
Pandji,5,2026-03-05 07:19:29,semoga lebih bagus dan akurat
galih akbar,5,2026-03-05 05:44:37,"sejauh ini. ga ada masalah. ya mudah2an kedepan nya g ada masalah apapun. kalau modal nanti mau di upgrade harus lebih berkualitas, buka malah bobrok"
Asrul Sani,5,2026-03-05 04:36:07,"Aplikasi sangat membantu, dan sangat mempermudah user untuk melakukan cek berkas dan sertipikat"
ADEZ HARY SALAS,5,2026-03-05 01:53:28,mantap
Alam Tani Rahayu,5,2026-03-04 23:35:50,Lumayan membantu
Ade Syaputra,5,2026-03-04 22:09:13,sejauh ini bagus
Adex Giggs,5,2026-03-04 19:10:54,"tingkatkan lagi fungsinya,seperti mempermudah menyimpan e-sertifikatnya"
Bigk Loris,5,2026-03-04 18:22:18,bagus👍👍👍
Gunawan Gun,5,2026-03-04 17:59:33,Mantaf Pokonamah
HENDIYANOR “EHEN”,5,2026-03-04 11:52:59,mntap
ronny jbr1,5,2026-03-04 08:59:44,"Aplikasi berguna dan bagus, terus diupdate agar lebih aman dan terpercaya"
Mase Official,4,2026-03-04 08:58:55,oke
Suhary Su,5,2026-03-04 07:56:30,real nyata
deden iskandar,5,2026-03-04 05:13:59,sangat membantu dalam pekerjaan
devie fransiskan,5,2026-03-04 03:19:53,👍
Ardiana Made,5,2026-03-04 03:04:58,"cepat, tepat dan aman 👍"
Juheri Juheri,5,2026-03-03 23:09:45,membantu sekali apk ini
DPW Jateng_Hardiko,5,2026-03-03 20:47:58,baik
Anang Jeddah,5,2026-03-03 18:47:43,"Bagus untuk awal, semoga bisa ada proteksi agar tidak ada mafia calo. dan melindungi pemegang SAH atas tanah yang sudah sertifikat SHM."
Anindito Tranggono,5,2026-03-03 16:10:42,Udah maju sih ini
M.oceano Fauzan,5,2026-03-03 13:27:37,sangat membantu dan memberikan kemudahan
Dj music,5,2026-03-03 12:02:33,sangat membantu
Rahmat Kristiono,5,2026-03-03 11:22:39,"Aplikasi yg bagus untuk mencegah tindak kecurangan, saya berharap lembaga kementrian atr bpn menjadi kementrian yang jujur dan berintegritas"
Ratn RA,1,2026-03-03 09:33:18,"tolong dipermudah layanannya lagi lewat whatsapp saat ditanya kendalanya tidak jadi terbit malah suruh kelokasi bpn, harusnya kendalanya dikasih tau sekalian biar tidak bolak balik ke bpn cuma nanya doank hargai waktu permudah urusan walaupun tanya lewat whatsapp"
dede dodits,4,2026-03-03 07:54:38,bagus dan mudah penggunaan membantu pengecekan nya
Nurudin 91,5,2026-03-03 07:39:04,terimakasih setelah di update sudah normal kembali
Japra vdz,1,2026-03-03 07:37:31,"apaan, untuk bikin akun aja harus nunggu OTP nya seharian.. busyet dah... berapa nih anggaran develop aplikasinya?"
arjo kepang,5,2026-03-03 06:55:24,oke
Sri Marsini,5,2026-03-03 05:38:43,sangat bermanfaat
Iqbal Ardiansyah,5,2026-03-03 02:08:43,ok
Agus ziad,4,2026-03-03 01:35:30,sangat membantu
Arif Darmawan,1,2026-03-03 01:28:32,"Antara status pada Aplikasi dan kenyataan berbeda. status ""sudah selesai/silahkan diambil"". sudah jauh-jauh menuju kantor BPN, ternyata belum jelas disposisinya.."
Harapan Pertiwi PKBM,4,2026-03-03 01:27:07,sudah mantap
Eet Rohaeti,5,2026-03-03 01:06:07,alhamdulilah lancar aplikasinya sangat akurat
Hukumdankita Bicara,5,2026-03-03 00:59:34,memudahkan
Handra aja,5,2026-03-03 00:47:14,ok
Hatiha Nadenggan,5,2026-03-03 00:38:56,very good
E 5N,1,2026-03-02 13:39:26,map tidak akurat
Ferian radi Radi,5,2026-03-02 09:46:14,ok
Renra H,2,2026-03-02 08:33:27,kenapa mau daftar login otp nya ga pernah masuk ke email.
jeri supu,5,2026-03-02 06:08:40,sangat membant.
Solikin,5,2026-03-02 05:36:46,mudah pemakaiannya
Ali Ali,4,2026-03-02 05:16:37,lumayan membantu
Sang Saka Merah-Putih,5,2026-03-02 03:53:54,informatif 👍
Mudy Dy,5,2026-03-02 03:39:36,akurat dan mudah penggunaanya
syamil afnan,1,2026-03-02 03:29:58,kodenya gak muncul
Zulfikar Husni Maulana,2,2026-03-02 03:23:18,"bagus versi sebelumnya, karena setelah update malah kode Ser-El ngga keluar,. Mohon Kerja samanya untuk pengembang APK, untuk bisa segera di perbaiki"
Wendra Wenkiss,5,2026-03-02 03:21:01,akses layanan cepat mantap
Efendi Efendi,5,2026-03-02 02:09:27,"sentuh tanahku sangat membantu,"
Lambas Irwan Jimmy,5,2026-03-02 01:32:21,good app..
Okta Viandi,5,2026-03-02 01:08:52,"Sudah makin baik, tingkatkan pelayanan yg informatif dan memudahkan pengguna, update sistem membantu kinerja apk semakin cepat dan menjangkau hingga pelosok didaerah, salam sukses"
Nur Imam Susanto,1,2026-03-01 23:32:50,verivikasi wajah 100X gagal terus bos
Rudy Atmoko,5,2026-03-01 15:30:23,lebih praktis
Fauzi Andrran,5,2026-03-01 13:40:52,mantap
Masda and friend Chanel,5,2026-03-01 13:35:08,sangat membantu
Sam eka,5,2026-03-01 13:34:57,aplikasi sentuh tanahku memudahkan segala dlm mengurus tanah anda
Azis Martabaya,5,2026-03-01 13:29:15,mantap
Slamet Susanto (Mas Guru 87),5,2026-03-01 13:15:17,bagus aplikasinya dapat membantu melihat peta lahan kita
PAG Master,5,2026-03-01 12:05:40,sangat membantu pengecekan lokasi
Hendy Suhendy,5,2026-03-01 11:46:14,sangat membantu
Frioka Putra,5,2026-03-01 11:13:23,Good
Sandi Fani,5,2026-03-01 11:06:01,mantap
himron mansur,5,2026-03-01 10:51:45,saya beberapa kali mengajukan permintaan pelayanan dan semuanya berjalan lancar
Sasugie,5,2026-03-01 10:28:14,keren
Rudy Budiman,5,2026-03-01 09:28:52,gercep
Muhamad Abduh,5,2026-03-01 09:08:56,mantapp
Mahmud Syah,5,2026-03-01 08:58:57,Berharap untuk proses balik nama agar lebih cepat jadi (selesai) jika persyaratan sudah ok.
alifira one (Iwan),5,2026-03-01 08:43:47,Sangat membantu dan semoga bisa terintegrasi sebagaimana ketetapanya dan dapat dipertanggung jawabkan sesuai hukum. semoga djbcoretax bisa selaras.
malla nirmalla,5,2026-03-01 07:47:38,jdi lebih gampang
Dimas S Yudistira,4,2026-03-01 05:42:24,"Aplikasi versi terbaru ini sangat sangat buruk, biasa nya update versi terbaru pasti lebih bagus, ini malah tambah buruk, sangat menurun, tidak bisa diakses sama sekali, parah banget ini aplikasi sekarang"
Al Kautsar,5,2026-03-01 05:21:09,sangat membantu
Fathoni Thoni (Toni),5,2026-03-01 03:57:21,Bagus sekali
Agung Wijaya262,4,2026-03-01 03:39:07,baik
Jala Kencana,5,2026-03-01 02:33:56,jos
Pujiasih80 Bonita,4,2026-03-01 00:13:28,"maaf dlm pengerjaan balik nama ahli waris tanah kenapa waktunya mepet dgn hari raya lebaran. jadinya mau pulang kampung tiket naik .kenapa tdk hari biasa sj , kenapa hrs mepet2 lebaran.🙏 dan lama lg , hrsnya yg sdh selesai di patok,diukur dsb.cepat turunkan suratnya dan tanda tangan.jgn smpai numpuk dulu jd satu baru di kerjakan dan di informasikan srh tanda tangan.kami yg tinggal di luar kota waktunya tdk bnyk , Krn punya anak sekolah.tdk mgkn di tinggal lama untuk pulang kampung 🙏🙏🙏"
ANDREAS TAE NAHAK,5,2026-03-01 00:04:44,sangat bermanfaat dlm pengecekan lokasi tanah
siqi,1,2026-02-28 18:35:47,"di halaman sertipikatku aplikasi sentuh tanahku tidak muncul tanda tangan koordinator kelompok substansi pemeliharaan hak tanah, ruang dan pembinaan PPAT, apakah aman, tapi hasil cetak print out sertipikat elektronik nya ada tanda tangan apakah memang begitu mohon di jawab"
Yunita Lampung,5,2026-02-28 18:16:06,josss membantu sangat
irwan musliadi,5,2026-02-28 17:27:31,bagus dan bermanfaat 👍
andy rusdiyanto,5,2026-02-28 15:09:09,mempermudah pelacakan data
Sugeng Riyadi,5,2026-02-28 14:31:41,Bagus aplikasi mudah di jalan kan
Koncet Koncet,5,2026-02-28 10:15:43,mantap
Hugetz Namy 6,1,2026-02-28 07:34:48,"pengurusan berkas ngga update, percuma memantau lewat aplikasi. aku udah ngurus sampai pembayaran BPHTB di aplikasi masih stagnan di pengukuran dan pemetaan kadastral"
rasyila dimyati,5,2026-02-28 07:18:05,sangat membantu
Awad Alkatiri,5,2026-02-28 06:19:41,terimakasih aplikasi bermanfaat bagi banyak orang.
Yayat Sudrajat,5,2026-02-28 05:23:09,keren dan bagus
BETTI HERIYANTI,1,2026-02-28 04:13:02,"Susah sekali ya mau login, setiap kali login selalu eror 🤕😇😭"
enur hasa,5,2026-02-28 03:45:51,Datanya pas akurat
Kamaruddin 16,5,2026-02-28 03:09:44,Alhamdulillah sangat membantu
Angga Putra,1,2026-02-28 03:02:11,habis upgrade nggak keluar kode SHM nya..
Azizfadilah muhammad,4,2026-02-28 02:53:58,bagus membantu cek sertifikat kita dan lokasi secara akurat
AB,5,2026-02-28 02:20:11,memudahkan kerjaan sekali
abyy abay,5,2026-02-27 21:51:40,sangat membantu
Andre Aja,5,2026-02-27 17:20:41,puas bisa membantu
Kantor Hukum Sakty Law Surabaya,5,2026-02-27 15:42:11,sangat bermanfaat
samsudin guntur,5,2026-02-27 15:07:50,sangat membantu untuk pengecekan sertipikat
Ahmad Abrisam Reynand,5,2026-02-27 13:38:41,mantappp
Kusno Sumartono,5,2026-02-27 12:24:30,aplikasi bagus dan lancar..👍
Alifatul Fauzi,5,2026-02-27 11:40:41,bagus
Sunarko Narko,5,2026-02-27 11:04:21,Bagus sekali 👍
DONI NUR HIDAYAT,5,2026-02-27 10:56:08,"cukup membantu, lengkapi lagi fiturnya"
Reva Wiguna,5,2026-02-27 10:41:07,sangat membantu
Dicky Rachmat,5,2026-02-27 09:27:48,sangat berguna untuk lacak berkas
Purwo Casmito,5,2026-02-27 09:26:35,Mantap👍
Muji Santoso,5,2026-02-27 09:03:02,kembangkan agar lebih smoot
Oma Jayadi,5,2026-02-27 08:56:25,sangat membantu
jimbron asf,5,2026-02-27 08:23:39,👍
Idris Albantani,5,2026-02-27 05:16:04,sangat membantu
Sita Pratama,5,2026-02-26 23:45:54,"status aplikasi ny bingung orng bingung ,pd hal sdh di ukur tapi tdk ad perubahan selesai kelanjtan ny apa lg jg gk faham ,shrus ny pihak pegawai pengukuran laporan ukur selesai"
Inoe Pribadi,1,2026-02-26 22:00:18,status di aplikasi tidak sesuai dengan kenyataan di lapangan sampai berbulan2 berkas belum selesai sedangkas status di aplikasi dinyatakan selesai dan silahkan ambil. menu chat juga tidak ada respon sama sekali.
rosidah,5,2026-02-26 13:51:49,mantab
Zhufairah Filzah,5,2026-02-26 09:58:06,sejauh ini aman dan nyaman & semoga seterusnya dan selalu memberikan pelayanan yg terbaik.... 👍
ardham gunawan,5,2026-02-26 09:05:13,Terbaik
Fandhi,5,2026-02-26 06:13:11,Aplikasinya sudah bagus tapi sayang berbanding terbalik dengan kinerja di badan terkait yang pengurusannya super lama.
Abrisam Rasyid,5,2026-02-26 04:44:52,terbantu
Desti Selvia,5,2026-02-26 02:04:17,aplikasinya gampang gai ribet
R Budi Utomo,5,2026-02-26 01:02:31,membantu
A' ANG BEKASI UTARA,5,2026-02-25 21:01:50,ok sangat menyentuh banget.
Jeffry Jamilgo,5,2026-02-25 14:27:28,bagus
Zaey Rhespond,5,2026-02-25 11:26:58,sangat membantu
IMAM FAHRUDDIN,5,2026-02-25 11:17:45,Semoga proses sertifikasi tanah lebih cepat
Indra Mundara,5,2026-02-25 10:40:25,baik
Moehamad Ihsan,5,2026-02-25 10:31:24,semua bisa jadi mudah
Iwin Mals,5,2026-02-25 09:36:24,👍
ary anto,5,2026-02-25 07:17:58,mantap sangat membantu
rafly suparman,5,2026-02-25 03:42:23,Ok
rohidin rohidin,5,2026-02-25 02:46:57,mudah dan jelas dalam penggunaan aplikasi nya
Fery Fery,5,2026-02-25 02:35:04,baguss
Rully Andy Irawan,5,2026-02-25 02:32:09,bagus
Yusuf Supendi,5,2026-02-25 01:04:26,keren... bingitz
Abi Yusuf,5,2026-02-25 00:38:54,mantap
Gazpada,5,2026-02-24 21:11:47,sangat membantu untuk mengetahui posisi tanah dan surat surat tanah
anfml,3,2026-02-24 20:08:00,"mau daftar susah amat, kode otp nya gak ke kirim di emailnya gak ada"
Bapak Bahruji,5,2026-02-24 19:23:59,makasi kami bisa mudah untuk melihat bidang tanah saya
Rifai Damit,5,2026-02-24 13:13:11,mantap
Mhd,5,2026-02-24 12:10:56,bagus sangat membantu
agus suardana Putu,5,2026-02-24 09:59:32,bagus...dan sangat membantu
Only Play Games,5,2026-02-24 09:55:37,bagus
Oktaf Vian,5,2026-02-24 07:18:40,Ok
Nurhalia Muhammad,5,2026-02-24 06:55:26,kerenn bisa langsung liat lokasinya
Harry Celebes,5,2026-02-24 06:53:59,Aplikasi sngt membantu...
Iqunk Alfat,4,2026-02-24 05:52:46,cukup baik
eko dwipornomo,5,2026-02-24 05:47:43,"bagus, tapi cara update bagaimana tanpa verifikasi ulang"
edi syafiq,5,2026-02-24 04:42:42,very good.....
emmylia sofya,1,2026-02-24 03:58:01,tidak bisa scan
Mr Islahudin,5,2026-02-24 03:41:57,sangat bermanfaat
George Elrit,5,2026-02-24 03:40:41,memudahkan untuk mencari lokasi tanah secara online.
Denden Irfanirfan,5,2026-02-24 03:27:46,mantapp sangat berguna
Yitno BPro,5,2026-02-24 02:29:48,aplikasinya keren dan bagus 👍
Surip Sidoarjo,5,2026-02-24 01:56:17,the best
Muhammad Rio Rizqi,5,2026-02-23 23:33:21,"Bagus, sangat akurat dan membantu. sebab kalo dari situs, situs nya sering bug tidak dapat dibuka atau jaringan tidak stabil."
Hendri Karimi,5,2026-02-23 21:38:01,bermanfaat
Sam Bong,5,2026-02-23 15:04:34,bagus aplikasinya
DESA GEDANGAN,5,2026-02-23 13:29:10,sangat puas
CVBusiLimestone Nusantara,5,2026-02-23 08:51:00,sangat membantu
Sarel Huke Saddrosn,5,2026-02-23 08:02:23,aplikasi sangat membantu
i putu ediek patra wijaya,5,2026-02-23 04:44:31,mantap sangat membantu sekali
byftha geraldo,5,2026-02-23 04:05:43,baik
AG Herdiana,5,2026-02-22 19:00:34,"estimasi waktu pengecekan sertifikat menurut BPN wilayah saya adalah 3 hari. namun sampai saat ini blm ada kabar. saya coba tanya melalui kontak layanan di BPN tsb, namun tidak responsif."
Dian Novita,1,2026-02-22 16:52:21,apk gk guna komplain krna tanah gk di ukur2 gk ad respon di hubungi bpn tak ad kbr juga
Irfan Kustoyo,1,2026-02-22 16:51:48,ini setelah di update koq saya jadi tidak bisa cek sertifikat saya ya? dan tanah saya sudah SHM status koq di bidang tanahnya malah jadi HGB lagi ya? di email jg tidak ada respon. niat buat aplikasi apa nggak ya? ini jg tiap update aplikasi jadi ga jelas. aneh bgt?
MCO Probolinggo,5,2026-02-22 05:50:44,sangat membantu
milenitnit,5,2026-02-22 03:46:40,aplikasinya jos
Achmad Sobur,3,2026-02-22 03:36:51,harusnya di sediakan fitur untuk memasukan berkas dan pengajuan peningkatan sertifikat atau pendaftaran sertifikat kan aplikasi di buat untuk mempermudah kalau tetap harus datang ke kantor BPN buat apa buat aplikasi
endra suseno,5,2026-02-22 00:57:18,pokok'e bantu tenan aplikasi iki
Sri Widowati,5,2026-02-21 22:24:51,Sangat membantu
Alemahendra Agam,5,2026-02-21 21:25:15,"bagus,mantap,cepat,akurat👍👍👍"
Dikbawatbedahlap2022.02,5,2026-02-21 19:45:35,sangat membantu
Rahmat marwanto,5,2026-02-21 17:02:00,sangat membantu sih
Abdullah Achmad,5,2026-02-21 15:07:38,baguuuus
Putra Adnyana,5,2026-02-21 13:11:16,sangat membantu
Cristopher Abimanyu,5,2026-02-21 09:06:32,"sangat membantu, mudah untuk di gunakan"
Ujang Paryadi,5,2026-02-21 05:43:33,bagus
Harry SB,5,2026-02-21 02:44:26,"Aplikasinya sangat membantu sekali, informasinya cukup lengkap dan mudah difahami pemakaiannya, kedepannya semoga lebih baik lagi, terimakasih."
Acep Supriadin,5,2026-02-20 23:49:31,Aplikasi ini memudahkan kita dalam mengurus pertanahan 🥰
primeid01,1,2026-02-20 09:29:18,"setelah menggunakan beberapa saat, malah ga bisa scan, muncul error terus tanda tangan tidak ditemukan.mhn dapat diperbaiki"
Arif Setiawan,3,2026-02-20 08:04:03,"aplikasi masih banyak bug, salah satunya ketika daftar akun disuruh memasukkan password 12 karakter namun 8 karakter sudah bisa terlewat. meskipun notifikasi gagal daftar akun, tapi ketika dicoba login bisa, padahal password yang diminta tidak sesuai dengan kelengkapan karakter yang disebutkan dan harusnya tidak bisa login karena akun gagal dibuat. Hal terkait keamanan seperti ini sangat berpotensi menjadi celah untuk keamanan data. mohon diperbaiki."
Philip Panjaitan,5,2026-02-20 07:56:09,sangat membantu
Lobusonak 15,5,2026-02-20 07:11:35,bagus juga bisa dilihat sertifikat kita sendiri
Anugrah Prima,5,2026-02-20 06:41:40,mantap
NURJAELANI,5,2026-02-20 04:14:48,bagus
darmadi freedom,5,2026-02-20 01:26:39,bagus
Ade Mustari,5,2026-02-20 00:31:24,bagus
Ela Yulianti,5,2026-02-19 23:15:17,semoga kedepannya semua proses pengurusan dokumen pertanahan bisa dilakukan melalui aplikasi
doris purba,5,2026-02-19 12:22:27,mantaplah
Yudi Efendi,1,2026-02-19 11:47:23,gak bs scan barcode
kristinahelena parera,5,2026-02-19 10:45:54,"apk nya bagus sekali, sebaiknya disertai luas tanah berapa kali berapa"
Negiup DP,5,2026-02-19 10:04:58,ok
Samsul Arifin,5,2026-02-19 05:49:11,"mantap, sangat membantu"
wawan prasetyo,5,2026-02-19 05:24:10,"lebih membantu tetapi harus punya aplikasi ini,pengurusan surat ke bpn harus punya aplikasi sentuh tanahku"
Cristy Novananta,5,2026-02-19 04:58:55,Aplikasi sangat membantu
Agus Kizmy,5,2026-02-19 04:51:35,aplikasi yang bagus
Popo Ibrahim Lubis,5,2026-02-19 03:12:09,sangat membantu
Kusdini Anis,5,2026-02-19 00:54:16,lebih mudah dlm proses pengecekan berkas
ACHMAD NUR FAISOL,5,2026-02-18 23:07:45,sangat bagus untuk pengecwkan lokasi tanah
Boy M,2,2026-02-18 22:26:50,data informasi yang ditampilkan tidak sesuai dengan kenyataan dilapangan misalnya di aplikasi sudah selesai pas ke BPN ternyata belum selesai
budi murdani,5,2026-02-18 16:15:54,terimakasih dengan aplikasi ini saya merasa dimudahkan
Agus Hadi Prabowo,5,2026-02-18 14:17:22,terima kasih
Ade Sulaeman,5,2026-02-18 12:28:26,Berguna untuk cek sertifikat tanah dan lokasinya
Ralthon Kendung,5,2026-02-18 11:58:50,bagus dan akurat
Putra Sembalun,5,2026-02-18 07:55:02,sangat penting sekali bagi kami sebagai masyarakat
Napria Ariandes,5,2026-02-18 05:49:48,👍
Zein J,5,2026-02-18 05:01:21,memudahkan kita
Syamsur Anchu,5,2026-02-18 04:46:09,semoga bisa bermanfaat
SIJOE CHANNEL,5,2026-02-18 04:45:00,recommended
Taufik Hidayat,5,2026-02-18 04:22:13,sangat top
sam priyambodo,5,2026-02-18 00:54:06,sangat bagus sekali / membantu
Firman Setyawan,5,2026-02-17 22:55:01,Oknum ATR BPN harus di evaluasi
Muhammad Habib,5,2026-02-17 18:21:03,Bpn jayaa
Unu Yunus (Unu),5,2026-02-17 10:29:03,"sangat manfaat,,"
tparulian sihombing,5,2026-02-17 05:34:49,aplikasi yang bermanfaat dalam mencari lokasi lahan dan info lainnya
ika setyoningsih,5,2026-02-17 02:43:42,mantap
MFA ENTERTAINMENT ID,5,2026-02-17 00:02:08,Mantab
Zeni Sandi Purwanto,5,2026-02-16 23:32:57,alus
#Udh Ien,5,2026-02-16 17:47:11,mantap....
Wahyudin,5,2026-02-16 07:25:11,Mantap 👍🏻🙏🏻🔥
Budiyanto Ahaliki,5,2026-02-16 07:08:09,good
Iqbal Septiano,5,2026-02-16 05:37:01,aplikasinya sangat membantu dan pelayanannya sangat bagus
Humai Ra,5,2026-02-16 04:41:36,"terimakasih kepada pencetus APP ini, karena sangat membantu kami dalam banyak hal yang menyangkut pertanahan"
Mohamad Zaini,4,2026-02-16 04:34:25,sangat membantu sekali
Bang Jo' Bilang Channel,5,2026-02-16 02:47:19,Pelayanannya makin bagus
suko 100965,5,2026-02-16 00:55:06,aplikasi sangat membantu
Tommy,5,2026-02-16 00:13:48,sangat membantu
desy widya sandie,1,2026-02-16 00:07:14,"aplikasi banking saja bisa menggunakan developer mode, malah aplikasi ini tidak bisa"
Ruth Salsabella,5,2026-02-15 19:00:22,cukup baik
Abdul Robbychaidir,5,2026-02-15 18:47:44,cukup presisi
Zahir Property,5,2026-02-15 16:32:08,Al Hamdulillah Sangat Bermanfaat Dan Berkah Selalu... Aamiin
Sektiyo Klaten,5,2026-02-15 15:40:26,"pakai antrian online, bisa pantau berkas. mantap."
Siti Julekha,5,2026-02-15 14:32:13,bagus
Indra Arifiadi,5,2026-02-15 13:46:13,mau urus hgb ke shm. semoga terbantu secara online
Khaerul Rakhman,5,2026-02-15 13:00:30,keren & membantu banget
Hidayat Firmansyah,5,2026-02-15 12:59:31,"msh dipelajari dulu, tetapi saya lihat sejauh ini aplikasi sdh bagus Krn mempermudah masyarakat utk tahu akan banyak hal tentang PBB dllnya."
Hendry ono,5,2026-02-15 10:47:54,mudah dan aman
Iskandar Rasyid,5,2026-02-15 09:54:39,Aplikasix mantap dan sangat membantu pekerjaan kami👍👍
Yuyu Wahyudin,5,2026-02-15 06:59:25,Sangat membantu dalam urusan tanah
inti jaya properti Properti,5,2026-02-15 05:49:06,bagus sangat membantu dan memudahkan
Ratu Don2,5,2026-02-15 05:35:52,mudahdigunakan
subur kusnanto,5,2026-02-15 04:17:27,Sangat Membantu sekali Masyarakat dalam proses pengecekan dan pengurusan Sertifikat Tanah👍👍❤️
拉赫曼西亚和我,5,2026-02-15 03:02:27,hasil yg bagus dan memuaskan
Wahyu Aji,5,2026-02-14 18:27:58,keren. akses cepat
Riries Pro,5,2026-02-14 16:49:29,"Aplikasi bagus, tapi kok Lokasinya banyak yang meleset ya"
Reza Sahfrudin,5,2026-02-14 15:03:36,"pertahankan, kalo bisa ada online chat tanya jawab live, tiap postingan"
Suryadi Nugroho,5,2026-02-14 12:01:37,good
firman abadi,5,2026-02-14 10:22:56,ok
Bp Jaya,5,2026-02-14 06:05:47,mantaab membantu sekali dan transparan
Regianto,4,2026-02-14 04:19:52,hebat praktis
Losari WS,5,2026-02-14 02:43:53,sangat bermanfaat
apif ridwan syah,5,2026-02-14 01:54:22,haraga tanahnya d munculkan kembali min
Faisal Ardi,1,2026-02-13 12:00:57,setelah ganti pasword akun tidak bisa diakses dengan keterangan password salah. mohon di perbaiki nanti saya ubah rating nya
purnajaya ariawan,5,2026-02-13 11:21:01,sertifikat digital. amankah?
kumbang project,5,2026-02-13 06:45:27,sangat membantu
Bona -,5,2026-02-13 06:20:59,good
Faisal,1,2026-02-13 05:16:01,kenapa gabisa loginnn
Hasan Nudin,1,2026-02-13 05:01:09,BPN lahan basah.. aplikasi gx bisa cek kebenaran/kesesuaian kepemilikan tanah..
Kiki Afrizal,5,2026-02-13 04:39:31,ok
Rudiyanto Ichwan,5,2026-02-12 23:21:08,sangat membantu dalam proses2 pendaftaran dan pemantauan hasil
zikril hakim,5,2026-02-12 14:54:53,Sangat membantu dan mudah digunakan.
Julius Selan,5,2026-02-12 14:37:51,sudah mencoba. aplikasi ini mantap banget
setiawan iwan,5,2026-02-12 13:45:27,pelayanan mudah dan cepat
ELEKTRONIKA 2024,5,2026-02-12 12:36:11,Sangat Mudah dan Cepat
Tema Zebua,5,2026-02-12 11:43:42,"bagus bangat, trinakasih"
bagus prasojo,5,2026-02-12 10:05:35,cukup bagus
Mashern Sanjaya,5,2026-02-12 09:43:45,amat sangat akurat. trimakasih
Aries Boy,5,2026-02-12 08:35:04,akurat data yg di berikan
ASMAT MASDAN,5,2026-02-12 07:36:09,ok juga
Didik Munardi,5,2026-02-12 07:19:29,aplikasi ini bagus untuk kontrol tanah hak milik
Tatang Ismattu,5,2026-02-12 05:11:28,mempermudah pengecekan
Otong Jahat,1,2026-02-12 04:15:40,aplikasi gak berfungsi
Khozin,5,2026-02-12 02:53:06,mudah dan simpel
Endra top,5,2026-02-12 01:51:22,sangat berguna aplikasi ini
Aprianto Excel,5,2026-02-12 01:41:45,sangat membantu
Andi ansyah,5,2026-02-11 21:25:21,sangat membantu saat mengontrol proses pengajuan pembuatan surat tanah
Agung Sticker,5,2026-02-11 16:56:59,membantu
Julia,5,2026-02-11 15:24:41,semakin bagus
Andhara Wahyu,5,2026-02-11 14:39:37,bagus membantu
Muhamad Taufik,5,2026-02-11 13:02:35,"sangat membantu, terima kasih sentuh tanahku"
Andi Bayan5,5,2026-02-11 11:25:01,sangat membantu
Chandra P Putra,5,2026-02-11 09:03:41,mantap mudah digunakan
Fauzi Harahap,5,2026-02-11 06:58:15,Sangat Membantu
Hendri Hen,5,2026-02-11 03:56:02,lom shm msih hgb.tlong di bantuh
Welsy Ernesto,4,2026-02-11 03:41:36,Scan QR nya gak bisa. Data QR gak bisa dibuka proses gagal terus. Tlg diperbaiki mimin. Ta
Meli Jelina,2,2026-02-11 03:20:50,"Mohon untuk berbenah lagi sistem Organisasi, kesannya kurang bagus Dalam pelayanan masyarakat"
Den Sul,5,2026-02-11 01:34:41,good
Mello Uki,5,2026-02-10 23:06:08,mantab👍
Sigit Saputra,1,2026-02-10 16:34:44,"lu niat bikin aplikasi kagak?? mau ngecek no sertifikat harus daftar akun ribet,coba singkronin akun kyk buat akun aplikasi laen.. suruh bikin akun tapi suruh isi pasword ribet inilah itulah yang harus katakter apalah hobi betul bikin susah orang"
Mamat iday Iday,5,2026-02-10 12:17:06,sgt membantu
Agus Ahmaddzaki,5,2026-02-10 11:38:04,MEMBANTU
abdul jalal thahir,5,2026-02-10 11:30:08,"sy suka aplikasi ini, ""mantap"""
amri paintman,5,2026-02-10 11:08:51,Terima kasih... sudah bisa d gunakan aplikasinya... sangaat memudahkan untuk melihat lokasi tanah.. lokasinya sesuai dan akurat... sangat terbantu
D2X Boncos,5,2026-02-10 10:53:42,terbaek
Ristam Ristam,5,2026-02-10 04:39:17,membantu
Michael Manopo,5,2026-02-10 04:24:10,sangat membantu
Oktovianus Hursepuny,5,2026-02-10 04:11:10,sangat membantu
Jaka Malik,5,2026-02-10 03:57:12,berfungsi dengan baik. bagus
Sutanto Edy,5,2026-02-10 03:45:16,apk nya bisa di gunakan dgn baik
Boby Hadianto Saputra,5,2026-02-10 02:55:35,aplikasi yang sangat berguna untuk masyarakat banyak lebih di tingkatkan lagi tampilan tampilan yang menarik sehingga bisa membantu masyarakat terima kasih.
I Dewa Gede,5,2026-02-10 02:46:53,sangat membant
karwan property,5,2026-02-09 13:38:50,membantu sekali
Mas Rohan,5,2026-02-09 07:26:04,pelayanan sangat baik..
HaryoGratefully Adiasto,5,2026-02-09 05:42:36,so helpfull app
Yustafudin Arif,1,2026-02-09 02:20:36,gk jelas. pingin ganti sertif malah dibuat ploting x ganti ahli waris dah gak jelas
wayan sukerta,5,2026-02-09 02:04:16,perangkap belum kompatibel bagaimana caranya agar kompatibel
soniC P,5,2026-02-09 01:55:38,Mantap lanjutkan
Bernadus Kilaka,5,2026-02-09 00:42:50,Mantap Aplikasi nya bisa pantau progres berkas kita.dan staf BPN skrg profesional semua kerjanya
Bechotz Studios,5,2026-02-08 20:10:21,Very good for land affairs
Imam Arifin,5,2026-02-08 16:53:17,presisi dan terukur
cecep ibrahim,5,2026-02-08 15:34:54,Sangat bermanfaat sekali...trims
Andreas Umbu Roga,4,2026-02-08 15:20:26,lumayan masih mencoba
Andi Thamrin,5,2026-02-08 11:48:04,semoga lebi baik
YAAN HONEY,5,2026-02-08 11:28:02,mantap
Samurai Bike,5,2026-02-08 06:16:17,good aplikasi
Achmad Fauzan,3,2026-02-08 04:03:22,tidak ada fitur cari alamat
Amry Zaltheraine,5,2026-02-08 02:06:30,mantap
Risman Sumaga,5,2026-02-08 00:34:45,bagusssss
sam nayus,5,2026-02-07 23:38:44,baik
Realdy Saputra,5,2026-02-07 18:31:14,Terbaik
ASTER REWAKAS,4,2026-02-07 15:24:49,min ini sy udh ga dalam mode pengenbang tapi masih gabisa login gmna ya?
rahma dhany,5,2026-02-07 12:07:52,sangat mudah digunakan
achmad Solehudin,5,2026-02-07 11:56:24,makin ribet aja bikin segala macam surat tanah elektronik
7Mr. Bonol,5,2026-02-07 11:30:47,bagus
Bambang Putra,5,2026-02-07 10:58:30,Recommended 👍
Zea Alfaris,1,2026-02-07 08:11:46,di layanan whatsapnya sangat buruk....! terus gunanya layanan whatsap itu apa kalau gk untuk menjawab pertanyaan.. semua apk yg berhubungan dengan sistem pemerintahan kerjanya burukkk.. jujur sangat kecewa dengan semua apk dari pemerintah.
Mohamad Zaharitsah,5,2026-02-07 06:36:36,"bagus, bisa kontrol surat tanah di semua tempat yg dimiliki,, sayangnya keterangan di berkas aplikasi tidak sinkron,, dinyatakan sudah selesai dan bisa di ambil nyatanya ke lokasi BPN belum siap untuk diambil, padahal sudah lewat 2 hari dari notif"
Muhamad Yusuf,5,2026-02-07 05:05:35,nice
Adhytia Hendra,5,2026-02-07 02:37:49,good
nyoman hendra,5,2026-02-07 02:33:37,sangat membantu
Ongky putra Utama,5,2026-02-07 00:17:24,mantap aplikasinya
Supadi Supadi,5,2026-02-07 00:11:03,sangat mudah cara cek berkas sampai dimana atau cek sertifikat pokoknya serba praktis ga perlu ke ktr BPN. jempol 2 dan bintang 5
HOKY CHAN,1,2026-02-06 23:44:36,verifikasi foto sulit
said laitupa,4,2026-02-06 22:07:57,good apk.. sangat membantu dalam menemukan bidang tanah dalam pekerjaanku sebagai petugas tata ruang
Yanto Karawang,5,2026-02-06 16:39:09,ok
BAYU RIMBA,5,2026-02-06 16:06:12,bagus
Haris Agusti Rachmadani,5,2026-02-06 15:59:34,ok
A17DY sanjaya,5,2026-02-06 15:01:32,sangat membantu
Supri Yadi,5,2026-02-06 12:35:32,sangat membantu memantau lokasi
Suganda Juli Sahputra,1,2026-02-06 10:06:28,"Bintang 1 buat Petugas ukur BPN Kota Medan, 2 tahun sertifikat tak siap siap"
Daulay Dly,1,2026-02-06 09:20:47,hancur kali ya kok gk bisa padahal saya sudah update sesuai ktp
Hendrik St,5,2026-02-06 08:55:55,Informatif dan jadi akses dan monitoring yang mudah jika mengurus pertanahan
agus tri andoko,5,2026-02-06 08:25:11,"sangat membantu saya dalam pengurusan sertifikat ,dapat mengetahui prosesnya berkas sampai tahap apa"
Heri Yanto,5,2026-02-06 05:28:39,ok
Satria Raga,5,2026-02-06 04:42:38,keren
Arief Rahman,5,2026-02-06 04:41:15,mantap
GUMIN GUNAWAN,4,2026-02-06 04:28:17,ok
Baim Genset,5,2026-02-06 01:25:48,sangat membantu
Cahya Rinjani,5,2026-02-06 00:03:09,Aplikasi KEREN.
sony grab,5,2026-02-05 23:41:09,sangat membantu
Indra Zamrud,5,2026-02-05 12:16:36,"mantap lah, tapi kalo bisa akunnya jgn sering keluar² lah capek kita login ulang terus"
Eko Purwoko,5,2026-02-05 12:08:50,ok
Susanto Anto,5,2026-02-05 11:32:56,ya saya suka
Syahril Ramadi,5,2026-02-05 10:03:07,app simpel dan mudah difahami
Arif Wicak sono,1,2026-02-05 08:44:00,"proses sangat lama, dari 8 desember 2025 sampe bulan februari blum juga selesai2."
Putue Sakera Tfs,5,2026-02-05 08:44:00,bisa mengetahui perkembangan pengurusan berkas..
Cikarang utara,5,2026-02-05 07:29:15,gasss lumayan
Muhammad Afrizal,5,2026-02-05 07:01:39,ok
Maman Hendrawan,1,2026-02-05 05:51:12,force close
Mohamad Fadli,5,2026-02-05 04:26:15,mantaplah BPN semakin oke
tarmizi putra89,5,2026-02-05 03:59:40,agak lelet
dewangga putra pratama,1,2026-02-05 03:17:50,Selalu gagal Aktivasi
MOCH ABDUL ARIPIN,5,2026-02-05 00:01:47,"sangat baik aplikasi nya, mudah dan memudahkan dalam memantau perkembangan sertifikat"
Sabam Manihuruk,5,2026-02-04 14:30:15,buka aplikasi sentuh tanahku lgsg terkoneksi dgn sertifikat ku
Tytuz,5,2026-02-04 13:54:39,bagus. mantap semoga bersih dari mafia tanah
Supriyadi,5,2026-02-04 11:47:14,tidak bisa di buka
Riyanto,5,2026-02-04 11:35:51,membantu
Pitu Lord,5,2026-02-04 09:43:06,bagus
Slamet Tri Rahardjo,5,2026-02-04 09:39:33,mempermudah akses sertifikat dimana saja
Alpiansyah,5,2026-02-04 09:38:04,bagus
Raden Watch,5,2026-02-04 03:36:52,bagus mantap lan akurat
Azhari Rahmat,5,2026-02-04 00:50:46,Sangat membantu sekali untuk ploting dan mengetahui posisi dan lokasi tanah melalui peta satelite digital...Semoga kedepannya fiturnya lebih canggih lagj...👍👍👍
Farid Iman,5,2026-02-04 00:03:54,mencerahkan
Sesil 022,5,2026-02-03 15:39:12,mantap 👍
ARI JUNA,5,2026-02-03 11:04:35,mempermudah kita tidak
Engelberth Setiabudi,1,2026-02-03 11:02:07,SANGAT JELEK APLIKASINYA
Reztu Habibi,5,2026-02-03 07:44:38,"tolong dong garis warna tanahnya sering hilang / tidak muncul , segera diperbaiki"
Mutiara Maharani,1,2026-02-03 07:25:30,"sering error, tolong dong di bikin servernya yg memadai, jadi nunggu lama karena ni app error mulu"
Samsudin kasir,5,2026-02-03 06:08:47,sangat membantu
Anci Anci,5,2026-02-03 05:53:25,sangat membantu dalam proses apapun di pertanahan
Siddiq Hasibuan,5,2026-02-03 04:58:20,sangat bermanfaat
Kedai alexa Wong,5,2026-02-03 04:14:51,ok
Kukuh Mariyanto,4,2026-02-03 04:13:51,mantaps
Cici Myka,5,2026-02-02 17:28:35,keren nih peningkatan ke arah membaik untuk negara tercinta
AnggA,5,2026-02-02 14:31:50,sangat membantu
Gusti Sagala,1,2026-02-02 13:46:32,tidak ada fitur loketku
Dicky Darmawan,5,2026-02-02 13:23:37,sangat membantu masyarakat
benillah 27,5,2026-02-02 12:34:47,sangat membantu
Arif Rahimi,5,2026-02-02 11:08:10,oke
Drs Handaru widjatmiko,5,2026-02-02 10:51:33,saya baru mencoba aplikasinya... tetapi insyaallah aplikasi ini Oke...👍
Hary Rizky,5,2026-02-02 10:13:25,sangat membantu
Nazhif Akbar,3,2026-02-02 10:12:23,tahun pada kolom pencarian berkas tidak dapat dirubah
zainuddin zainuddin,5,2026-02-02 08:53:38,"di menu sertipikat ada tertera sertipikat saya, namun hanya ada satu. harusnya saya memiliki sertipikat dua dalam sebidang tanah."
Man Gen1978,5,2026-02-02 07:58:24,ok
Arkan Han,1,2026-02-02 06:24:45,di menu cari berkas kenapa hanya bisa pilih tahun 2025 sama 2026 doang min. sedangkan berkas saya ada yang tahun 2024 belum jadi. jadi tidak bisa cek di aplikasi.
Yusuf Hendarsah,5,2026-02-02 05:40:51,👍
Lina Dharmadji,5,2026-02-02 04:34:22,memudahkan untuk mendapat informasi
riyanto 75378,5,2026-02-02 04:21:13,pelayanan baik mudah cepat
Toto Joenara,5,2026-02-02 03:06:21,baik
Boelir Boy,5,2026-02-02 02:42:23,good
muhammad slamet,5,2026-02-02 00:22:22,Alhamdulillah....kereeeen
Dendi saadah,5,2026-02-01 15:23:03,sangat bagus
Khusna Hidayah,1,2026-02-01 12:52:47,"sudah terdaftar, sudah keterangan berhasil ganti pasword. giliran log in email belum terdaftar atau password salah. gitu aja terus. bikin emosi"
Guntur Guntur,5,2026-02-01 10:58:41,bagus
Shofia Farhan,5,2026-02-01 07:04:14,baru pengalaman
bagust home,5,2026-02-01 04:27:27,Mantabs sangat membantu
Sofyan Hadi,5,2026-02-01 03:26:03,good
ali masjono,5,2026-02-01 01:20:56,very good anf accurate
Tetap Mantap Saja,5,2026-02-01 00:38:14,mantap
yudho dwi pramono,5,2026-01-31 23:44:55,ok
Anen Aryanto,5,2026-01-31 08:16:35,jadi ga bisa di buka sekarang
Ipankarya Hal,5,2026-01-31 07:38:33,good
Coki Sampean,5,2026-01-31 03:26:10,semoga benar2 mempermudah publik mengurus sertifikat tanah
Hambali Rosadi,5,2026-01-31 01:53:31,lebih praktis
Harven Darusman,5,2026-01-31 01:34:19,bagus
Nawir Andi,5,2026-01-31 01:20:52,Pelayanan Baik di BPN Luwu Timur
ferry tri hermawan,5,2026-01-31 00:34:53,"sangat membantu, petugasnya ramah2, mantap tingkatkan"
Mukhriyan Afridho,5,2026-01-30 13:32:43,Bagus sangat bermanfaat
Syaepul Ipul,5,2026-01-30 13:12:19,mantab
Rizki Aulia Hakim,5,2026-01-30 08:22:01,Bagus
Made Agus Sugiartawan,5,2026-01-30 08:15:08,sangat membantu
Zarkasi Efendi,5,2026-01-30 02:33:46,sangat mantap
awang kurniawan,5,2026-01-30 00:44:30,cukup membantu
Paimin 222,5,2026-01-30 00:36:47,bagus...
Muhammad Lutfi (Lutfilawyer),5,2026-01-30 00:03:43,aplikasi yang sangat bagus untuk mengecek keabsahan sertifikat
PUTUTIK NETWORK,5,2026-01-29 23:04:53,makin informatif dan cepat aksesnya.
Zaff Rich,5,2026-01-29 21:56:39,"sangat membantu,"
Tau Fix,5,2026-01-29 13:44:12,ok
Sartono Bin Sukarno,5,2026-01-29 13:33:42,"antrian cukup lancar, tertib, cepat"
Rayani Fitriah,5,2026-01-29 13:16:13,Bagus sekali
Nick Marlboro,5,2026-01-29 10:33:23,👍
dona marhamdan,5,2026-01-29 07:48:24,ok
JAFRI S.Ag,5,2026-01-29 07:34:31,Bagus
Siti Mutia,4,2026-01-29 07:00:48,apakah bisa cek sppt untuk mengetahui tanah itu sudah bersertifikat atau belum
Putra Mandomai86,5,2026-01-29 05:34:26,sangat bagus mudah digunakan
Dadan Darajat,5,2026-01-29 05:08:37,semoga kedepannya alih media bisa lebih cepat dari 2 bulan🙏🙏soal nya punya saya 2 bulan
axomogus,5,2026-01-29 03:12:45,keren
Heska Hehanussa,5,2026-01-29 02:18:53,sy mengunakan aplikasih ini untuk mengecek tanah sy .dan ini sangat baik
Bambang Mursidiyanto,5,2026-01-29 01:31:16,cukup
Sigit Harmawan,5,2026-01-29 01:13:35,Mantap
Dapoer Cak Sipir Family,5,2026-01-29 01:02:13,sangat membantu sekali untuk petugas lapangan
Deni Darmawan,5,2026-01-28 23:22:50,sangat memuaskan
Jodi Hardadi,5,2026-01-28 13:50:00,Mantap
Bang King,5,2026-01-28 13:30:43,saya sangat tr bantu sekali solusi untuk me ngecek pr Tanahan saya trima kasi sentuh tanah ku
"Arif Rakhmansyah, S.T",5,2026-01-28 13:19:18,Aplikasi simple dan sangat bagus untuk informasi tanah pemerintah n perorangan serta kejelasan harga tetap tiap tanah n zona serta administrasinya lah..!
Umbu Tamu Mboku,5,2026-01-28 12:10:38,aplkasinya bagus sekali dan sangat membantu
Donny Casanova,5,2026-01-28 10:24:52,baik
Ko Hartawan,5,2026-01-28 09:51:38,"Mudah digunakan,, sangat membantu"
Zulfan Zulfan,5,2026-01-28 09:45:38,sangat mempermudah urusan
Raditya Rahman S,1,2026-01-28 08:38:09,tanya berkas ga pernah direspon .... buat apa ada aplikasi tanya berkas kalo ga pernah diliat
harta,5,2026-01-28 08:05:54,Sangat bermanfaat..
Farla 27,5,2026-01-28 04:57:29,"makasih, sangat terbantu.. 🙏☺️"
All Father,5,2026-01-28 03:43:03,Aplikasi yg sangat mendukung pekerjaan pekerjaan seorang bankir 😎🙏
Adi Wahyudi,5,2026-01-28 00:54:33,sangat membantu
Tigo Arya,5,2026-01-27 22:29:59,Aplikasinya informatif dan mudah dipakai
Harry Jatmoko,2,2026-01-27 13:55:48,aplikasinya bagus. tapi untuk mengetik lamanya minta ampun. ingin memasukan data di swaplotting lamanya bukan main.
KRISTIAWAN WAWAN,2,2026-01-27 12:14:51,hari ini 27/01/2026 kok gak bisa dibuka ya aplikasinya? tiap kali klik app nya muncul white screen trus nge close sendiri.
Agung Soepriyanto,5,2026-01-27 09:55:21,nice
Deni Andres,5,2026-01-27 09:08:08,sangat memudahkan sekali bagi masyarakat untuk mengetahui semua sertifikat yang tersimpan di aplikasi ini
Hamdani 19,5,2026-01-27 08:20:07,👍👍👍
Smeji Inaho,1,2026-01-27 06:03:02,fitur swaplottingnya belum berfungsi min 😭
eddy indra,5,2026-01-27 02:04:50,mantap
Hari Diah,5,2026-01-27 01:01:29,keren
EJ M,4,2026-01-26 21:41:49,baik
Satria pramana Nst,5,2026-01-26 19:52:05,gokil
Bayu Wiyanta,4,2026-01-26 16:46:52,baik
Novi Andriani,3,2026-01-26 14:58:56,tahun sebelumnya gk bisa ditemukan.. cuma 2 tahun aja
Heroney16 D,5,2026-01-26 13:09:26,ok dah...👍
Muhamad Diki Siswanto Diki,5,2026-01-26 12:37:59,bagus
Rully Rahmat,5,2026-01-26 12:21:34,awesome
Opa Sutaway,5,2026-01-26 08:38:05,mudah👍
Jatmiko. Prawiro,1,2026-01-26 02:14:28,ribet
Akbar ilham,5,2026-01-26 00:34:03,bagus
Andrian Andri,5,2026-01-25 23:29:32,aplikasi nya memudahkan utk melihat/mengecek sertifikat tanah kita
Ali Muhamad Novel,1,2026-01-25 23:05:26,tidak update.....ga sesuai SOP waktunya....ternyata sangat lama
Mariani ASB,5,2026-01-25 22:01:19,Terimakasih aplikasinya Sangat mbantu
vijay mataram,5,2026-01-25 13:41:21,sangat bermanfaat
Rahmat Rajianto,1,2026-01-25 05:23:08,"gak bisa di akses, sudah masukin alamat dan nomer sertifikat dan juga nomer NIB, tapi hasil nya gak bisa."
Wempi Aprian,5,2026-01-25 04:31:54,Aplikasi yang Sangat Membantu
Muarif muarif,5,2026-01-25 03:48:48,bagus dan membantu
Ahla Jajuli,5,2026-01-25 03:29:51,aplikasi yang baik dan sangat bermanfaat serta memberikan kemudahan.
tuantanah riau,5,2026-01-25 01:13:14,good
kemboja Tanjung,5,2026-01-24 23:47:27,mantap
Aditya Darnell,5,2026-01-24 21:05:35,Nice
Dickyy 008,1,2026-01-24 20:32:10,sangat buruk
Ahmad Darsafei,5,2026-01-24 19:55:54,InsyaAllah akurat
PT.Tirriklada Sukses Tratindo,5,2026-01-24 11:50:14,good
Toni Sanjaya,5,2026-01-24 09:39:50,sangat membantu.
Sidik Bedjan46,5,2026-01-24 07:00:07,aplikasinya keren... 🙏
Redhita Rizky,5,2026-01-24 03:24:26,Fast Respon
CIKO CARTOLO,5,2026-01-24 02:49:53,proses lebih cepat
Supriadi Supriadi,5,2026-01-24 02:14:16,lebih mudah ngecek tanah yang sudah terdaftar
Masri Galingging,2,2026-01-24 02:06:49,"kinerja atr/bpn kab karo sumatera utara tidak memuaskan,dan mengecewakan."
ahmad yani,5,2026-01-24 01:43:02,sangat membantu untuk cek shmE
Prabu Darmansyah,5,2026-01-24 01:02:58,sangat membantu
